-- phpMyAdmin SQL Dump
-- version 5.2.0
-- https://www.phpmyadmin.net/
--
-- Host: localhost:3306
-- Generation Time: Nov 01, 2025 at 01:38 PM
-- Server version: 8.0.30
-- PHP Version: 8.3.9

SET SQL_MODE = "NO_AUTO_VALUE_ON_ZERO";
START TRANSACTION;
SET time_zone = "+00:00";


/*!40101 SET @OLD_CHARACTER_SET_CLIENT=@@CHARACTER_SET_CLIENT */;
/*!40101 SET @OLD_CHARACTER_SET_RESULTS=@@CHARACTER_SET_RESULTS */;
/*!40101 SET @OLD_COLLATION_CONNECTION=@@COLLATION_CONNECTION */;
/*!40101 SET NAMES utf8mb4 */;

--
-- Database: `renang`
--

-- --------------------------------------------------------

--
-- Table structure for table `cache`
--

CREATE TABLE `cache` (
  `key` varchar(255) CHARACTER SET utf8mb4 COLLATE utf8mb4_unicode_ci NOT NULL,
  `value` mediumtext CHARACTER SET utf8mb4 COLLATE utf8mb4_unicode_ci NOT NULL,
  `expiration` int NOT NULL
) ENGINE=InnoDB DEFAULT CHARSET=utf8mb4 COLLATE=utf8mb4_unicode_ci;

--
-- Dumping data for table `cache`
--

INSERT INTO `cache` (`key`, `value`, `expiration`) VALUES
('laravel_cache_jaguaraquatik@gmail.com|127.0.0.1', 'i:1;', 1761395882),
('laravel_cache_jaguaraquatik@gmail.com|127.0.0.1:timer', 'i:1761395882;', 1761395882),
('laravel_cache_jaguarsc@gmail.com|192.168.1.18', 'i:1;', 1761647045),
('laravel_cache_jaguarsc@gmail.com|192.168.1.18:timer', 'i:1761647045;', 1761647045),
('laravel_cache_sdbaleharjo@gmail.com|127.0.0.1', 'i:1;', 1761641431),
('laravel_cache_sdbaleharjo@gmail.com|127.0.0.1:timer', 'i:1761641431;', 1761641431),
('laravel_cache_sdbaleharjo@gmail.com|192.168.1.18', 'i:1;', 1761739698),
('laravel_cache_sdbaleharjo@gmail.com|192.168.1.18:timer', 'i:1761739698;', 1761739698),
('laravel_cache_sditarahmah@gmail.com|192.168.1.18', 'i:1;', 1761739528),
('laravel_cache_sditarahmah@gmail.com|192.168.1.18:timer', 'i:1761739528;', 1761739528),
('laravel_cache_sditarrahmah@gmail.com|192.168.1.18', 'i:2;', 1761739505),
('laravel_cache_sditarrahmah@gmail.com|192.168.1.18:timer', 'i:1761739505;', 1761739505),
('laravel_cache_sdnbaleharjo@gmail.com|127.0.0.1', 'i:1;', 1761901050),
('laravel_cache_sdnbaleharjo@gmail.com|127.0.0.1:timer', 'i:1761901050;', 1761901050),
('laravel_cache_sdnbaleharjo@gmail.com|192.168.1.18', 'i:1;', 1761739682),
('laravel_cache_sdnbaleharjo@gmail.com|192.168.1.18:timer', 'i:1761739682;', 1761739682),
('laravel_cache_sdnbaleharjo@gmail.com|192.168.1.9', 'i:1;', 1761643938),
('laravel_cache_sdnbaleharjo@gmail.com|192.168.1.9:timer', 'i:1761643938;', 1761643938),
('laravel_cache_sdnegerimenadi@gmail.com|192.168.1.18', 'i:1;', 1761739359),
('laravel_cache_sdnegerimenadi@gmail.com|192.168.1.18:timer', 'i:1761739359;', 1761739359),
('laravel_cache_sdnegerisidoharjopacitan@gmail.com|192.168.1.18', 'i:1;', 1761739106),
('laravel_cache_sdnegerisidoharjopacitan@gmail.com|192.168.1.18:timer', 'i:1761739106;', 1761739106),
('laravel_cache_sdnkatipugal@gmail.com|127.0.0.1', 'i:1;', 1761915339),
('laravel_cache_sdnkatipugal@gmail.com|127.0.0.1:timer', 'i:1761915339;', 1761915339),
('laravel_cache_sdnplosopacitan@gmail.com|192.168.1.18', 'i:1;', 1761739724),
('laravel_cache_sdnplosopacitan@gmail.com|192.168.1.18:timer', 'i:1761739724;', 1761739724),
('laravel_cache_sdnsidoharjopacitan@gmail.com|192.168.1.18', 'i:2;', 1761739127),
('laravel_cache_sdnsidoharjopacitan@gmail.com|192.168.1.18:timer', 'i:1761739127;', 1761739127),
('laravel_cache_tamanugeraha@gmail.com|10.14.113.229', 'i:1;', 1761484732),
('laravel_cache_tamanugeraha@gmail.com|10.14.113.229:timer', 'i:1761484732;', 1761484732);

-- --------------------------------------------------------

--
-- Table structure for table `cache_locks`
--

CREATE TABLE `cache_locks` (
  `key` varchar(255) CHARACTER SET utf8mb4 COLLATE utf8mb4_unicode_ci NOT NULL,
  `owner` varchar(255) CHARACTER SET utf8mb4 COLLATE utf8mb4_unicode_ci NOT NULL,
  `expiration` int NOT NULL
) ENGINE=InnoDB DEFAULT CHARSET=utf8mb4 COLLATE=utf8mb4_unicode_ci;

-- --------------------------------------------------------

--
-- Table structure for table `detail_lomba`
--

CREATE TABLE `detail_lomba` (
  `id` bigint UNSIGNED NOT NULL,
  `lomba_id` bigint UNSIGNED NOT NULL,
  `seri` int DEFAULT NULL,
  `peserta_id` bigint UNSIGNED NOT NULL,
  `no_lintasan` int DEFAULT NULL,
  `urutan` int DEFAULT NULL,
  `catatan_waktu` bigint DEFAULT NULL,
  `keterangan` varchar(255) CHARACTER SET utf8mb4 COLLATE utf8mb4_unicode_ci DEFAULT NULL,
  `created_at` timestamp NULL DEFAULT NULL,
  `updated_at` timestamp NULL DEFAULT NULL,
  `limit` varchar(255) CHARACTER SET utf8mb4 COLLATE utf8mb4_unicode_ci DEFAULT NULL
) ENGINE=InnoDB DEFAULT CHARSET=utf8mb4 COLLATE=utf8mb4_unicode_ci;

--
-- Dumping data for table `detail_lomba`
--

INSERT INTO `detail_lomba` (`id`, `lomba_id`, `seri`, `peserta_id`, `no_lintasan`, `urutan`, `catatan_waktu`, `keterangan`, `created_at`, `updated_at`, `limit`) VALUES
(2, 2, 1, 2, 3, 1, NULL, NULL, '2025-10-23 20:18:13', '2025-10-23 20:18:13', '01:15:02'),
(3, 8, 2, 2, 3, 2, NULL, NULL, '2025-10-23 20:18:13', '2025-10-23 20:18:13', '00:18:61'),
(4, 20, 3, 2, 2, 3, NULL, NULL, '2025-10-23 20:18:13', '2025-10-23 20:18:13', '00:35:49'),
(5, 38, 1, 2, 3, 1, NULL, NULL, '2025-10-23 20:18:14', '2025-10-23 20:18:14', '01:43:73'),
(6, 44, 3, 2, 2, 3, NULL, NULL, '2025-10-23 20:18:14', '2025-10-23 20:18:14', '00:22:37'),
(7, 50, 2, 2, 3, 2, NULL, NULL, '2025-10-23 20:18:14', '2025-10-23 20:18:14', '00:46:97'),
(8, 62, 2, 2, 3, 2, NULL, NULL, '2025-10-23 20:18:14', '2025-10-23 20:18:14', '00:39:27'),
(9, 68, 3, 2, 2, 3, NULL, NULL, '2025-10-23 20:18:14', '2025-10-23 20:18:14', '00:16:37'),
(10, 7, 2, 3, 4, 2, NULL, NULL, '2025-10-23 20:24:20', '2025-10-23 20:24:20', '00:19:72'),
(11, 19, 3, 3, 3, 3, NULL, NULL, '2025-10-23 20:24:20', '2025-10-23 20:24:20', '00:40:06'),
(12, 25, 3, 3, 1, 3, NULL, NULL, '2025-10-23 20:24:20', '2025-10-23 20:24:20', '01:44:91'),
(13, 31, 2, 3, 1, 2, NULL, NULL, '2025-10-23 20:24:20', '2025-10-23 20:24:20', '00:45:48'),
(14, 43, 4, 3, 2, 4, NULL, NULL, '2025-10-23 20:24:20', '2025-10-23 20:24:20', '00:19:86'),
(15, 49, 4, 3, 2, 4, NULL, NULL, '2025-10-23 20:24:20', '2025-10-23 20:24:20', '00:44:50'),
(16, 55, 2, 3, 4, 2, NULL, NULL, '2025-10-23 20:24:20', '2025-10-23 20:24:20', '00:20:11'),
(17, 67, 4, 3, 4, 4, NULL, NULL, '2025-10-23 20:24:20', '2025-10-23 20:24:20', '00:16:18'),
(18, 7, 2, 4, 3, 2, NULL, NULL, '2025-10-23 21:27:19', '2025-10-23 21:27:19', '00:21:77'),
(19, 19, 2, 4, 4, 2, NULL, NULL, '2025-10-23 21:27:19', '2025-10-23 21:27:19', '00:44:62'),
(20, 25, 2, 4, 1, 2, NULL, NULL, '2025-10-23 21:27:19', '2025-10-23 21:27:19', '01:48:00'),
(21, 43, 3, 4, 2, 3, NULL, NULL, '2025-10-23 21:27:19', '2025-10-23 21:27:19', '00:22:17'),
(22, 49, 3, 4, 4, 3, NULL, NULL, '2025-10-23 21:27:19', '2025-10-23 21:27:19', '00:50:45'),
(23, 61, 1, 4, 2, 1, NULL, NULL, '2025-10-23 21:27:19', '2025-10-23 21:27:19', '99:99:99'),
(24, 67, 3, 4, 3, 3, NULL, NULL, '2025-10-23 21:27:19', '2025-10-23 21:27:19', '00:18:99'),
(25, 8, 2, 5, 1, 2, NULL, NULL, '2025-10-23 21:30:41', '2025-10-23 21:30:41', '00:21:49'),
(26, 20, 3, 5, 1, 3, NULL, NULL, '2025-10-23 21:30:41', '2025-10-23 21:30:41', '00:42:54'),
(27, 26, 2, 5, 2, 2, NULL, NULL, '2025-10-23 21:30:41', '2025-10-23 21:30:41', '01:50:56'),
(28, 32, 1, 5, 3, 1, NULL, NULL, '2025-10-23 21:30:41', '2025-10-23 21:30:41', '00:50:50'),
(29, 44, 3, 5, 3, 3, NULL, NULL, '2025-10-23 21:30:41', '2025-10-23 21:30:41', '00:21:90'),
(30, 50, 2, 5, 1, 2, NULL, NULL, '2025-10-23 21:30:41', '2025-10-23 21:30:41', '00:48:87'),
(31, 56, 2, 5, 2, 2, NULL, NULL, '2025-10-23 21:30:41', '2025-10-23 21:30:41', '00:23:17'),
(32, 68, 3, 5, 1, 3, NULL, NULL, '2025-10-23 21:30:41', '2025-10-23 21:30:41', '00:18:67'),
(33, 19, 1, 6, 2, 1, NULL, NULL, '2025-10-23 21:33:39', '2025-10-23 21:33:39', '99:99:99'),
(34, 43, 1, 6, 1, 1, NULL, NULL, '2025-10-23 21:33:39', '2025-10-23 21:33:39', '99:99:99'),
(35, 49, 1, 6, 2, 1, NULL, NULL, '2025-10-23 21:33:39', '2025-10-23 21:33:39', '99:99:99'),
(36, 67, 1, 6, 2, 1, NULL, NULL, '2025-10-23 21:33:39', '2025-10-23 21:33:39', '99:99:99'),
(37, 10, 3, 7, 3, 3, NULL, NULL, '2025-10-23 21:35:35', '2025-10-23 21:35:35', '00:27:34'),
(38, 22, 3, 7, 2, 3, NULL, NULL, '2025-10-23 21:35:35', '2025-10-23 21:35:35', '00:49:56'),
(39, 28, 2, 7, 2, 2, NULL, NULL, '2025-10-23 21:35:35', '2025-10-23 21:35:35', '02:05:55'),
(40, 46, 4, 7, 3, 4, NULL, NULL, '2025-10-23 21:35:35', '2025-10-23 21:35:35', '00:24:62'),
(41, 52, 3, 7, 3, 3, NULL, NULL, '2025-10-23 21:35:35', '2025-10-23 21:35:35', '00:54:87'),
(42, 70, 4, 7, 3, 4, NULL, NULL, '2025-10-23 21:35:35', '2025-10-23 21:35:35', '00:20:71'),
(43, 6, 5, 8, 4, 5, NULL, NULL, '2025-10-23 21:43:19', '2025-10-23 21:43:19', '00:23:78'),
(44, 18, 4, 8, 4, 4, NULL, NULL, '2025-10-23 21:43:19', '2025-10-23 21:43:19', '00:49:27'),
(45, 42, 6, 8, 4, 6, NULL, NULL, '2025-10-23 21:43:19', '2025-10-23 21:43:19', '00:24:19'),
(46, 54, 3, 8, 4, 3, NULL, NULL, '2025-10-23 21:43:19', '2025-10-23 21:43:19', '00:52:34'),
(47, 60, 5, 8, 3, 5, NULL, NULL, '2025-10-23 21:43:19', '2025-10-23 21:43:19', '00:27:98'),
(48, 72, 7, 8, 4, 7, NULL, NULL, '2025-10-23 21:43:19', '2025-10-23 21:43:19', '00:21:73'),
(49, 5, 2, 9, 4, 2, NULL, NULL, '2025-10-23 21:45:22', '2025-10-23 21:45:22', '00:.30:98'),
(50, 17, 2, 9, 3, 2, NULL, NULL, '2025-10-23 21:45:22', '2025-10-23 21:45:22', '00:52:37'),
(51, 41, 5, 9, 4, 5, NULL, NULL, '2025-10-23 21:45:22', '2025-10-23 21:45:22', '00:26:56'),
(52, 53, 2, 9, 4, 2, NULL, NULL, '2025-10-23 21:45:22', '2025-10-23 21:45:22', '00:55:30'),
(53, 71, 6, 9, 4, 6, NULL, NULL, '2025-10-23 21:45:22', '2025-10-23 21:45:22', '00:22:28'),
(54, 6, 5, 10, 1, 5, NULL, NULL, '2025-10-23 23:19:20', '2025-10-23 23:19:20', '00:30:45'),
(55, 18, 3, 10, 3, 3, NULL, NULL, '2025-10-23 23:19:20', '2025-10-23 23:19:20', '00:59:32'),
(56, 42, 5, 10, 2, 5, NULL, NULL, '2025-10-23 23:19:20', '2025-10-23 23:19:20', '00:31:67'),
(57, 54, 3, 10, 2, 3, NULL, NULL, '2025-10-23 23:19:20', '2025-10-23 23:19:20', '01:03:87'),
(58, 72, 6, 10, 2, 6, NULL, NULL, '2025-10-23 23:19:20', '2025-10-23 23:19:20', '00:27:93'),
(59, 6, 5, 11, 2, 5, NULL, NULL, '2025-10-23 23:22:35', '2025-10-23 23:22:35', '00:25:45'),
(60, 18, 4, 11, 3, 4, NULL, NULL, '2025-10-23 23:22:35', '2025-10-23 23:22:35', '00:50:88'),
(61, 42, 5, 11, 3, 5, NULL, NULL, '2025-10-23 23:22:35', '2025-10-23 23:22:35', '00:31:66'),
(62, 66, 1, 11, 3, 1, NULL, NULL, '2025-10-23 23:22:35', '2025-10-23 23:22:35', '01:02:65'),
(63, 72, 7, 11, 2, 7, NULL, NULL, '2025-10-23 23:22:35', '2025-10-23 23:22:35', '00:23:54'),
(64, 8, 1, 12, 4, 1, NULL, NULL, '2025-10-24 00:19:50', '2025-10-24 00:19:50', '00:29:45'),
(65, 20, 2, 12, 4, 2, NULL, NULL, '2025-10-24 00:19:50', '2025-10-24 00:19:50', '00:55:89'),
(66, 26, 2, 12, 1, 2, NULL, NULL, '2025-10-24 00:19:50', '2025-10-24 00:19:50', '01:12:88'),
(67, 44, 2, 12, 4, 2, NULL, NULL, '2025-10-24 00:19:50', '2025-10-24 00:19:50', '00:26:77'),
(68, 50, 1, 12, 4, 1, NULL, NULL, '2025-10-24 00:19:51', '2025-10-24 00:19:51', '00:54:21'),
(69, 68, 2, 12, 4, 2, NULL, NULL, '2025-10-24 00:19:51', '2025-10-24 00:19:51', '00:23:76'),
(70, 24, 1, 13, 2, 1, NULL, NULL, '2025-10-24 00:21:16', '2025-10-24 00:21:16', '99:99:99'),
(71, 48, 1, 13, 2, 1, NULL, NULL, '2025-10-24 00:21:16', '2025-10-24 00:21:16', '99:99:99'),
(75, 23, 1, 15, 2, 1, NULL, NULL, '2025-10-24 00:22:35', '2025-10-24 00:22:35', '99:99:99'),
(76, 47, 1, 15, 2, 1, NULL, NULL, '2025-10-24 00:22:35', '2025-10-24 00:22:35', '99:99:99'),
(77, 1, 1, 16, 2, 1, 0, NULL, '2025-10-24 03:29:14', '2025-10-24 03:29:14', '99:99:99'),
(78, 19, 1, 16, 3, 1, NULL, NULL, '2025-10-24 03:29:14', '2025-10-24 03:29:14', '99:99:99'),
(79, 25, 1, 16, 2, 1, NULL, NULL, '2025-10-24 03:29:14', '2025-10-24 03:29:14', '99:99:99'),
(80, 49, 1, 16, 3, 1, NULL, NULL, '2025-10-24 03:29:14', '2025-10-24 03:29:14', '99:99:99'),
(81, 61, 1, 16, 3, 1, NULL, NULL, '2025-10-24 03:29:14', '2025-10-24 03:29:14', '99:99:99'),
(82, 5, 1, 17, 1, 1, NULL, NULL, '2025-10-24 05:26:41', '2025-10-24 05:26:41', '99:99:99'),
(83, 41, 1, 17, 1, 1, NULL, NULL, '2025-10-24 05:26:41', '2025-10-24 05:26:41', '99:99:99'),
(84, 71, 1, 17, 2, 1, NULL, NULL, '2025-10-24 05:26:41', '2025-10-24 05:26:41', '99:99:99'),
(85, 41, 1, 18, 2, 1, NULL, NULL, '2025-10-24 06:14:09', '2025-10-24 06:14:09', '99:99:99'),
(86, 53, 1, 18, 2, 1, NULL, NULL, '2025-10-24 06:14:09', '2025-10-24 06:14:09', '99:99:99'),
(87, 25, 1, 19, 3, 1, NULL, NULL, '2025-10-24 06:14:46', '2025-10-24 06:14:46', '99:99:99'),
(88, 49, 2, 19, 2, 2, NULL, NULL, '2025-10-24 06:14:46', '2025-10-24 06:14:46', '99:99:99'),
(89, 67, 1, 19, 3, 1, NULL, NULL, '2025-10-24 06:14:46', '2025-10-24 06:14:46', '99:99:99'),
(90, 10, 1, 20, 2, 1, NULL, NULL, '2025-10-24 06:15:11', '2025-10-24 06:15:11', '99:99:99'),
(91, 52, 1, 20, 2, 1, NULL, NULL, '2025-10-24 06:15:11', '2025-10-24 06:15:11', '99:99:99'),
(92, 22, 1, 20, 2, 1, NULL, NULL, '2025-10-24 06:16:29', '2025-10-24 06:16:29', '99:99:99'),
(93, 2, 1, 21, 2, 1, NULL, NULL, '2025-10-24 23:38:26', '2025-10-24 23:38:26', '1:19:27'),
(94, 8, 2, 21, 2, 2, NULL, NULL, '2025-10-24 23:38:26', '2025-10-24 23:38:26', '00:19:68'),
(95, 20, 3, 21, 4, 3, NULL, NULL, '2025-10-24 23:38:26', '2025-10-24 23:38:26', '0:35:73'),
(96, 44, 3, 21, 4, 3, NULL, NULL, '2025-10-24 23:38:26', '2025-10-24 23:38:26', '00:21:41'),
(97, 50, 2, 21, 4, 2, NULL, NULL, '2025-10-24 23:38:26', '2025-10-24 23:38:26', '00:45:20'),
(98, 56, 2, 21, 4, 2, NULL, NULL, '2025-10-24 23:38:26', '2025-10-24 23:38:26', '00:21:61'),
(99, 62, 2, 21, 2, 2, NULL, NULL, '2025-10-24 23:38:26', '2025-10-24 23:38:26', '00:41:12'),
(100, 68, 3, 21, 4, 3, NULL, NULL, '2025-10-24 23:38:26', '2025-10-24 23:38:26', '00:15:94'),
(101, 3, 2, 22, 3, 2, NULL, NULL, '2025-10-24 23:48:02', '2025-10-24 23:48:02', '01:38:66'),
(102, 15, 1, 22, 1, 1, NULL, NULL, '2025-10-24 23:48:02', '2025-10-24 23:48:02', '01:50:42'),
(103, 27, 2, 22, 2, 2, NULL, NULL, '2025-10-24 23:48:02', '2025-10-24 23:48:02', '02:09:71'),
(104, 33, 2, 22, 1, 2, NULL, NULL, '2025-10-24 23:48:02', '2025-10-24 23:48:02', '00:53:50'),
(105, 39, 1, 22, 4, 1, NULL, NULL, '2025-10-24 23:48:02', '2025-10-24 23:48:02', '01:51:22'),
(106, 45, 3, 22, 4, 3, NULL, NULL, '2025-10-24 23:48:02', '2025-10-24 23:48:02', '00:29:24'),
(107, 51, 2, 22, 4, 2, NULL, NULL, '2025-10-24 23:48:02', '2025-10-24 23:48:02', '00:53:73'),
(108, 57, 3, 22, 3, 3, NULL, NULL, '2025-10-24 23:48:02', '2025-10-24 23:48:02', '00:26:77'),
(109, 63, 2, 22, 3, 2, NULL, NULL, '2025-10-24 23:48:02', '2025-10-24 23:48:02', '00:55:69'),
(110, 69, 1, 23, 2, 1, NULL, NULL, '2025-10-25 05:42:55', '2025-10-25 05:42:55', '99:99:99'),
(111, 41, 1, 24, 3, 1, NULL, NULL, '2025-10-25 05:43:45', '2025-10-25 05:43:45', '99:99:99'),
(112, 71, 1, 24, 3, 1, NULL, NULL, '2025-10-25 05:43:45', '2025-10-25 05:43:45', '99:99:99'),
(113, 41, 4, 25, 3, 4, NULL, NULL, '2025-10-25 05:44:40', '2025-10-25 05:44:40', '00:40:38'),
(114, 71, 5, 25, 3, 5, NULL, NULL, '2025-10-25 05:44:40', '2025-10-25 05:44:40', '00:35:76'),
(115, 11, 1, 26, 2, 1, NULL, NULL, '2025-10-25 05:52:11', '2025-10-25 05:52:11', '99:99:99'),
(116, 23, 1, 26, 3, 1, NULL, NULL, '2025-10-25 05:52:11', '2025-10-25 05:52:11', '99:99:99'),
(117, 35, 1, 26, 1, 1, NULL, NULL, '2025-10-25 05:52:11', '2025-10-25 05:52:11', '99:99:99'),
(118, 47, 1, 26, 3, 1, NULL, NULL, '2025-10-25 05:52:11', '2025-10-25 05:52:11', '99:99:99'),
(119, 47, 2, 27, 1, 2, NULL, NULL, '2025-10-25 05:52:40', '2025-10-25 05:52:40', '99:99:99'),
(120, 45, 1, 28, 2, 1, NULL, NULL, '2025-10-25 14:51:19', '2025-10-25 14:51:19', '99:99:99'),
(121, 51, 1, 28, 2, 1, NULL, NULL, '2025-10-25 14:51:19', '2025-10-25 14:51:19', '99:99:99'),
(122, 69, 1, 28, 3, 1, NULL, NULL, '2025-10-25 14:51:19', '2025-10-25 14:51:19', '99:99:99'),
(123, 35, 1, 29, 2, 1, NULL, NULL, '2025-10-25 15:40:53', '2025-10-25 15:40:53', '99:99:99'),
(124, 47, 2, 29, 2, 2, NULL, NULL, '2025-10-25 15:40:53', '2025-10-25 15:40:53', '99:99:99'),
(125, 17, 1, 30, 2, 1, NULL, NULL, '2025-10-25 15:41:43', '2025-10-25 15:41:43', '99:99:99'),
(126, 41, 1, 30, 4, 1, NULL, NULL, '2025-10-25 15:41:43', '2025-10-25 15:41:43', '99:99:99'),
(127, 59, 1, 30, 2, 1, NULL, NULL, '2025-10-25 15:41:43', '2025-10-25 15:41:43', '99:99:99'),
(128, 71, 1, 30, 1, 1, NULL, NULL, '2025-10-25 15:41:43', '2025-10-25 15:41:43', '99:99:99'),
(129, 6, 1, 31, 2, 1, NULL, NULL, '2025-10-25 15:44:12', '2025-10-25 15:44:12', '99:99:99'),
(130, 18, 4, 31, 2, 4, NULL, NULL, '2025-10-25 15:44:12', '2025-10-25 15:44:12', '00:51:37'),
(131, 30, 1, 31, 2, 1, NULL, NULL, '2025-10-25 15:44:12', '2025-10-25 15:44:12', '99:99:99'),
(132, 42, 5, 31, 4, 5, NULL, NULL, '2025-10-25 15:44:12', '2025-10-25 15:44:12', '00:29:78'),
(133, 54, 1, 31, 2, 1, NULL, NULL, '2025-10-25 15:44:12', '2025-10-25 15:44:12', '99:99:99'),
(134, 60, 1, 31, 2, 1, NULL, NULL, '2025-10-25 15:44:12', '2025-10-25 15:44:12', '99:99:99'),
(135, 66, 1, 31, 1, 1, NULL, NULL, '2025-10-25 15:44:12', '2025-10-25 15:44:12', '99:99:99'),
(136, 72, 1, 31, 1, 1, NULL, NULL, '2025-10-25 15:44:12', '2025-10-25 15:44:12', '99:99:99'),
(137, 4, 1, 32, 2, 1, NULL, NULL, '2025-10-25 15:49:37', '2025-10-25 15:49:37', '99:99:99'),
(138, 10, 4, 32, 2, 4, NULL, NULL, '2025-10-25 15:49:37', '2025-10-25 15:49:37', '00:20:22'),
(139, 16, 1, 32, 1, 1, NULL, NULL, '2025-10-25 15:49:37', '2025-10-25 15:49:37', '99:99:99'),
(140, 22, 4, 32, 3, 4, NULL, NULL, '2025-10-25 15:49:37', '2025-10-25 15:49:37', '00:38:76'),
(141, 28, 1, 32, 1, 1, NULL, NULL, '2025-10-25 15:49:37', '2025-10-25 15:49:37', '99:99:99'),
(142, 34, 2, 32, 2, 2, NULL, NULL, '2025-10-25 15:49:37', '2025-10-25 15:49:37', '00:45:29'),
(143, 40, 1, 32, 1, 1, NULL, NULL, '2025-10-25 15:49:37', '2025-10-25 15:49:37', '99:99:99'),
(144, 46, 4, 32, 4, 4, NULL, NULL, '2025-10-25 15:49:37', '2025-10-25 15:49:37', '00:24:20'),
(145, 52, 4, 32, 3, 4, NULL, NULL, '2025-10-25 15:49:37', '2025-10-25 15:49:37', '00:49:47'),
(146, 58, 2, 32, 4, 2, NULL, NULL, '2025-10-25 15:49:37', '2025-10-25 15:49:37', '00:22:35'),
(147, 64, 1, 32, 2, 1, NULL, NULL, '2025-10-25 15:49:37', '2025-10-25 15:49:37', '00:46:21'),
(148, 70, 5, 32, 3, 5, NULL, NULL, '2025-10-25 15:49:37', '2025-10-25 15:49:37', '00:18:08'),
(149, 21, 1, 33, 2, 1, NULL, NULL, '2025-10-25 22:27:20', '2025-10-25 22:27:20', '99:99:99'),
(150, 33, 1, 33, 1, 1, NULL, NULL, '2025-10-25 22:27:20', '2025-10-25 22:27:20', '99:99:99'),
(151, 57, 1, 33, 1, 1, NULL, NULL, '2025-10-25 22:27:20', '2025-10-25 22:27:20', '99:99:99'),
(152, 69, 2, 33, 2, 2, NULL, NULL, '2025-10-25 22:27:20', '2025-10-25 22:27:20', '99:99:99'),
(153, 24, 1, 34, 3, 1, NULL, NULL, '2025-10-25 22:28:21', '2025-10-25 22:28:21', '99:99:99'),
(154, 36, 1, 34, 2, 1, NULL, NULL, '2025-10-25 22:28:21', '2025-10-25 22:28:21', '99:99:99'),
(155, 48, 1, 34, 3, 1, NULL, NULL, '2025-10-25 22:28:21', '2025-10-25 22:28:21', '99:99:99'),
(156, 18, 1, 35, 2, 1, NULL, NULL, '2025-10-25 22:28:51', '2025-10-25 22:28:51', '99:99:99'),
(157, 30, 1, 35, 3, 1, NULL, NULL, '2025-10-25 22:28:51', '2025-10-25 22:28:51', '99:99:99'),
(158, 60, 1, 35, 3, 1, NULL, NULL, '2025-10-25 22:28:51', '2025-10-25 22:28:51', '99:99:99'),
(159, 72, 1, 35, 2, 1, NULL, NULL, '2025-10-25 22:28:51', '2025-10-25 22:28:51', '99:99:99'),
(160, 57, 1, 36, 2, 1, NULL, NULL, '2025-10-25 22:40:07', '2025-10-25 22:40:07', '99:99:99'),
(161, 69, 2, 36, 3, 2, NULL, NULL, '2025-10-25 22:40:07', '2025-10-25 22:40:07', '99:99:99'),
(162, 18, 1, 37, 3, 1, NULL, NULL, '2025-10-25 22:58:27', '2025-10-25 22:58:27', '99:99:99'),
(165, 72, 1, 37, 3, 1, NULL, NULL, '2025-10-25 22:58:27', '2025-10-25 22:58:27', '99:99:99'),
(166, 24, 2, 38, 1, 2, NULL, NULL, '2025-10-25 22:59:10', '2025-10-25 22:59:10', '99:99:99'),
(167, 36, 1, 38, 3, 1, NULL, NULL, '2025-10-25 22:59:10', '2025-10-25 22:59:10', '99:99:99'),
(168, 48, 1, 38, 1, 1, NULL, NULL, '2025-10-25 22:59:10', '2025-10-25 22:59:10', '99:99:99'),
(169, 7, 2, 39, 1, 2, NULL, NULL, '2025-10-25 23:33:02', '2025-10-25 23:33:02', '00:24:07'),
(170, 13, 1, 39, 4, 1, NULL, NULL, '2025-10-25 23:33:02', '2025-10-25 23:33:02', '02:07:18'),
(171, 19, 3, 39, 2, 3, NULL, NULL, '2025-10-25 23:33:02', '2025-10-25 23:33:02', '00:41:86'),
(172, 25, 3, 39, 2, 3, NULL, NULL, '2025-10-25 23:33:02', '2025-10-25 23:33:02', '01:42:15'),
(174, 43, 3, 39, 3, 3, NULL, NULL, '2025-10-25 23:33:02', '2025-10-25 23:33:02', '00:21:77'),
(176, 55, 2, 39, 2, 2, NULL, NULL, '2025-10-25 23:33:02', '2025-10-25 23:33:02', '00:22:10'),
(177, 67, 3, 39, 2, 3, NULL, NULL, '2025-10-25 23:33:02', '2025-10-25 23:33:02', '00:18.37'),
(178, 5, 1, 40, 2, 1, NULL, NULL, '2025-10-25 23:52:44', '2025-10-25 23:52:44', '99:99:99'),
(179, 41, 2, 40, 1, 2, NULL, NULL, '2025-10-25 23:52:44', '2025-10-25 23:52:44', '99:99:99'),
(180, 71, 2, 40, 1, 2, NULL, NULL, '2025-10-25 23:52:44', '2025-10-25 23:52:44', '99:99:99'),
(181, 41, 5, 41, 2, 5, NULL, NULL, '2025-10-25 23:56:54', '2025-10-25 23:56:54', '00:28:22'),
(182, 9, 1, 42, 2, 1, NULL, NULL, '2025-10-26 00:06:44', '2025-10-26 00:06:44', '99:99:99'),
(183, 45, 1, 42, 3, 1, NULL, NULL, '2025-10-26 00:06:44', '2025-10-26 00:06:44', '99:99:99'),
(184, 57, 1, 42, 3, 1, NULL, NULL, '2025-10-26 00:06:44', '2025-10-26 00:06:44', '99:99:99'),
(185, 69, 2, 42, 1, 2, NULL, NULL, '2025-10-26 00:06:44', '2025-10-26 00:06:44', '99:99:99'),
(186, 1, 1, 43, 3, 1, 0, NULL, '2025-10-26 00:23:01', '2025-10-26 00:23:01', '01:29:61'),
(187, 7, 3, 43, 1, 3, NULL, NULL, '2025-10-26 00:23:01', '2025-10-26 00:23:01', '00:19:43'),
(188, 19, 3, 43, 4, 3, NULL, NULL, '2025-10-26 00:23:01', '2025-10-26 00:23:01', '00:39:38'),
(189, 31, 1, 43, 3, 1, NULL, NULL, '2025-10-26 00:23:01', '2025-10-26 00:23:01', '00:53:55'),
(190, 43, 2, 43, 4, 2, NULL, NULL, '2025-10-26 00:23:01', '2025-10-26 00:23:01', '00:26:75'),
(191, 55, 2, 43, 3, 2, NULL, NULL, '2025-10-26 00:23:01', '2025-10-26 00:23:01', '00:21:15'),
(192, 61, 2, 43, 2, 2, NULL, NULL, '2025-10-26 00:23:01', '2025-10-26 00:23:01', '00:43:71'),
(193, 67, 4, 43, 2, 4, NULL, NULL, '2025-10-26 00:23:01', '2025-10-26 00:23:01', '00:16:68'),
(194, 4, 1, 44, 3, 1, NULL, NULL, '2025-10-26 00:26:38', '2025-10-26 00:26:38', '99:99:99'),
(195, 10, 3, 44, 4, 3, NULL, NULL, '2025-10-26 00:26:38', '2025-10-26 00:26:38', '00:23:21'),
(196, 22, 3, 44, 3, 3, NULL, NULL, '2025-10-26 00:26:38', '2025-10-26 00:26:38', '00:44:86'),
(197, 34, 1, 44, 3, 1, NULL, NULL, '2025-10-26 00:26:38', '2025-10-26 00:26:38', '00:54:63'),
(198, 46, 4, 44, 2, 4, NULL, NULL, '2025-10-26 00:26:38', '2025-10-26 00:26:38', '00:26:37'),
(199, 52, 3, 44, 2, 3, NULL, NULL, '2025-10-26 00:26:38', '2025-10-26 00:26:38', '00:59:78'),
(200, 58, 2, 44, 3, 2, NULL, NULL, '2025-10-26 00:26:38', '2025-10-26 00:26:38', '00:23:74'),
(201, 70, 5, 44, 1, 5, NULL, NULL, '2025-10-26 00:26:38', '2025-10-26 00:26:38', '00:19:16'),
(202, 30, 1, 45, 1, 1, NULL, NULL, '2025-10-26 00:27:15', '2025-10-26 00:27:15', '99:99:99'),
(203, 42, 1, 45, 2, 1, NULL, NULL, '2025-10-26 00:27:15', '2025-10-26 00:27:15', '99:99:99'),
(204, 54, 1, 45, 3, 1, NULL, NULL, '2025-10-26 00:27:15', '2025-10-26 00:27:15', '99:99:99'),
(205, 60, 2, 45, 2, 2, NULL, NULL, '2025-10-26 00:27:15', '2025-10-26 00:27:15', '99:99:99'),
(206, 72, 1, 45, 4, 1, NULL, NULL, '2025-10-26 00:27:15', '2025-10-26 00:27:15', '99:99:99'),
(207, 45, 1, 46, 1, 1, NULL, NULL, '2025-10-26 00:57:46', '2025-10-26 00:57:46', '99:99:99'),
(208, 51, 1, 46, 3, 1, NULL, NULL, '2025-10-26 00:57:46', '2025-10-26 00:57:46', '99:99:99'),
(209, 25, 2, 47, 2, 2, NULL, NULL, '2025-10-26 01:00:35', '2025-10-26 01:00:35', '99:99:99'),
(210, 43, 1, 47, 2, 1, NULL, NULL, '2025-10-26 01:00:35', '2025-10-26 01:00:35', '99:99:99'),
(211, 49, 2, 47, 3, 2, NULL, NULL, '2025-10-26 01:00:35', '2025-10-26 01:00:35', '99:99:99'),
(212, 55, 1, 47, 2, 1, NULL, NULL, '2025-10-26 01:00:35', '2025-10-26 01:00:35', '99:99:99'),
(213, 67, 1, 47, 1, 1, NULL, NULL, '2025-10-26 01:00:35', '2025-10-26 01:00:35', '99:99:99'),
(214, 9, 1, 48, 3, 1, NULL, NULL, '2025-10-26 01:05:00', '2025-10-26 01:05:00', '99:99:99'),
(215, 57, 1, 48, 4, 1, NULL, NULL, '2025-10-26 01:05:00', '2025-10-26 01:05:00', '99:99:99'),
(216, 69, 3, 48, 1, 3, NULL, NULL, '2025-10-26 01:05:00', '2025-10-26 01:05:00', '99:99:99'),
(217, 28, 1, 50, 2, 1, NULL, NULL, '2025-10-26 05:19:37', '2025-10-26 05:19:37', '99:99:99'),
(218, 46, 1, 50, 2, 1, NULL, NULL, '2025-10-26 05:19:37', '2025-10-26 05:19:37', '99:99:99'),
(219, 52, 1, 50, 3, 1, NULL, NULL, '2025-10-26 05:19:37', '2025-10-26 05:19:37', '99:99:99'),
(220, 70, 1, 50, 1, 1, NULL, NULL, '2025-10-26 05:19:37', '2025-10-26 05:19:37', '99:99:99'),
(221, 25, 2, 52, 3, 2, NULL, NULL, '2025-10-26 05:23:25', '2025-10-26 05:23:25', '99:99:99'),
(222, 43, 1, 52, 3, 1, NULL, NULL, '2025-10-26 05:23:25', '2025-10-26 05:23:25', '99:99:99'),
(223, 49, 2, 52, 1, 2, NULL, NULL, '2025-10-26 05:23:25', '2025-10-26 05:23:25', '99:99:99'),
(224, 67, 2, 52, 1, 2, NULL, NULL, '2025-10-26 05:23:25', '2025-10-26 05:23:25', '99:99:99'),
(225, 10, 1, 54, 3, 1, NULL, NULL, '2025-10-26 05:34:00', '2025-10-26 05:34:00', '99:99:99'),
(226, 28, 1, 54, 3, 1, NULL, NULL, '2025-10-26 05:34:00', '2025-10-26 05:34:00', '99:99:99'),
(227, 46, 1, 54, 3, 1, NULL, NULL, '2025-10-26 05:34:00', '2025-10-26 05:34:00', '99:99:99'),
(228, 52, 2, 54, 2, 2, NULL, NULL, '2025-10-26 05:34:00', '2025-10-26 05:34:00', '99:99:99'),
(229, 70, 1, 54, 2, 1, NULL, NULL, '2025-10-26 05:34:00', '2025-10-26 05:34:00', '99:99:99'),
(230, 4, 1, 55, 1, 1, NULL, NULL, '2025-10-26 05:36:21', '2025-10-26 05:36:21', '99:99:99'),
(231, 22, 1, 55, 3, 1, NULL, NULL, '2025-10-26 05:36:21', '2025-10-26 05:36:21', '99:99:99'),
(232, 28, 1, 55, 4, 1, NULL, NULL, '2025-10-26 05:36:21', '2025-10-26 05:36:21', '99:99:99'),
(233, 46, 1, 55, 1, 1, NULL, NULL, '2025-10-26 05:36:21', '2025-10-26 05:36:21', '99:99:99'),
(234, 70, 1, 55, 3, 1, NULL, NULL, '2025-10-26 05:36:21', '2025-10-26 05:36:21', '99:99:99'),
(235, 20, 1, 56, 1, 1, NULL, NULL, '2025-10-26 05:37:53', '2025-10-26 05:37:53', '99:99:99'),
(236, 44, 1, 56, 2, 1, NULL, NULL, '2025-10-26 05:37:53', '2025-10-26 05:37:53', '99:99:99'),
(237, 56, 1, 56, 1, 1, NULL, NULL, '2025-10-26 05:37:53', '2025-10-26 05:37:53', '99:99:99'),
(238, 68, 1, 56, 1, 1, NULL, NULL, '2025-10-26 05:37:53', '2025-10-26 05:37:53', '99:99:99'),
(239, 2, 1, 57, 1, 1, NULL, NULL, '2025-10-26 05:41:42', '2025-10-26 05:41:42', '99:99:99'),
(240, 8, 1, 57, 1, 1, NULL, NULL, '2025-10-26 05:41:42', '2025-10-26 05:41:42', '99:99:99'),
(241, 20, 1, 57, 2, 1, NULL, NULL, '2025-10-26 05:41:42', '2025-10-26 05:41:42', '99:99:99'),
(242, 56, 1, 57, 2, 1, NULL, NULL, '2025-10-26 05:41:42', '2025-10-26 05:41:42', '99:99:99'),
(243, 62, 1, 57, 2, 1, NULL, NULL, '2025-10-26 05:41:42', '2025-10-26 05:41:42', '99:99:99'),
(244, 68, 1, 57, 2, 1, NULL, NULL, '2025-10-26 05:41:42', '2025-10-26 05:41:42', '99:99:99'),
(245, 43, 1, 61, 4, 1, NULL, NULL, '2025-10-26 05:48:04', '2025-10-26 05:48:04', '99:99:99'),
(246, 49, 3, 61, 1, 3, NULL, NULL, '2025-10-26 05:48:04', '2025-10-26 05:48:04', '99:99:99'),
(251, 72, 2, 59, 1, 2, NULL, NULL, '2025-10-26 06:05:34', '2025-10-26 06:05:34', '99:99:99'),
(252, 6, 1, 51, 3, 1, NULL, NULL, '2025-10-26 06:08:09', '2025-10-26 06:08:09', '99:99:99'),
(253, 18, 2, 51, 2, 2, NULL, NULL, '2025-10-26 06:08:09', '2025-10-26 06:08:09', '99:99:99'),
(254, 42, 1, 51, 3, 1, NULL, NULL, '2025-10-26 06:08:09', '2025-10-26 06:08:09', '99:99:99'),
(255, 54, 2, 51, 1, 2, 0, 'NS', '2025-10-26 06:08:09', '2025-10-26 06:08:09', '99:99:99'),
(256, 60, 2, 51, 3, 2, NULL, NULL, '2025-10-26 06:08:09', '2025-10-26 06:08:09', '99:99:99'),
(257, 72, 2, 51, 2, 2, NULL, NULL, '2025-10-26 06:08:09', '2025-10-26 06:08:09', '99:99:99'),
(258, 17, 1, 62, 3, 1, NULL, NULL, '2025-10-26 06:14:45', '2025-10-26 06:14:45', '99:99:99'),
(259, 41, 2, 62, 2, 2, NULL, NULL, '2025-10-26 06:14:45', '2025-10-26 06:14:45', '99:99:99'),
(260, 53, 1, 62, 3, 1, NULL, NULL, '2025-10-26 06:14:45', '2025-10-26 06:14:45', '99:99:99'),
(261, 71, 2, 62, 2, 2, NULL, NULL, '2025-10-26 06:14:45', '2025-10-26 06:14:45', '99:99:99'),
(262, 41, 2, 60, 3, 2, NULL, NULL, '2025-10-26 06:17:15', '2025-10-26 06:17:15', '99:99:99'),
(263, 53, 1, 60, 1, 1, NULL, NULL, '2025-10-26 06:17:15', '2025-10-26 06:17:15', '99:99:99'),
(264, 71, 2, 60, 3, 2, NULL, NULL, '2025-10-26 06:17:15', '2025-10-26 06:17:15', '99:99:99'),
(265, 47, 2, 49, 3, 2, NULL, NULL, '2025-10-26 06:17:39', '2025-10-26 06:17:39', '99:99:99'),
(266, 48, 2, 58, 1, 2, NULL, NULL, '2025-10-26 06:17:59', '2025-10-26 06:17:59', '99:99:99'),
(267, 6, 2, 65, 1, 2, NULL, NULL, '2025-10-26 06:34:20', '2025-10-26 06:34:20', '99:99:99'),
(268, 18, 2, 65, 3, 2, NULL, NULL, '2025-10-26 06:34:20', '2025-10-26 06:34:20', '99:99:99'),
(269, 30, 2, 65, 1, 2, NULL, NULL, '2025-10-26 06:34:20', '2025-10-26 06:34:20', '99:99:99'),
(270, 42, 1, 65, 1, 1, NULL, NULL, '2025-10-26 06:34:20', '2025-10-26 06:34:20', '99:99:99'),
(271, 54, 2, 65, 2, 2, 2, NULL, '2025-10-26 06:34:20', '2025-10-26 06:34:20', '99:99:99'),
(272, 60, 2, 65, 1, 2, NULL, NULL, '2025-10-26 06:34:20', '2025-10-26 06:34:20', '99:99:99'),
(273, 72, 2, 65, 3, 2, NULL, NULL, '2025-10-26 06:34:20', '2025-10-26 06:34:20', '99:99:99'),
(274, 45, 2, 63, 1, 2, NULL, NULL, '2025-10-26 06:41:37', '2025-10-26 06:41:37', '99:99:99'),
(275, 69, 3, 63, 2, 3, NULL, NULL, '2025-10-26 06:41:37', '2025-10-26 06:41:37', '99:99:99'),
(276, 10, 2, 64, 1, 2, NULL, NULL, '2025-10-26 06:42:16', '2025-10-26 06:42:16', '99:99:99'),
(277, 22, 2, 64, 2, 2, NULL, NULL, '2025-10-26 06:42:16', '2025-10-26 06:42:16', '99:99:99'),
(278, 46, 2, 64, 1, 2, NULL, NULL, '2025-10-26 06:42:16', '2025-10-26 06:42:16', '99:99:99'),
(279, 70, 1, 64, 4, 1, NULL, NULL, '2025-10-26 06:42:16', '2025-10-26 06:42:16', '99:99:99'),
(280, 21, 1, 66, 3, 1, NULL, NULL, '2025-10-26 06:43:00', '2025-10-26 06:43:00', '99:99:99'),
(281, 45, 2, 66, 2, 2, NULL, NULL, '2025-10-26 06:43:00', '2025-10-26 06:43:00', '99:99:99'),
(282, 57, 2, 66, 1, 2, NULL, NULL, '2025-10-26 06:43:00', '2025-10-26 06:43:00', '99:99:99'),
(283, 46, 2, 67, 2, 2, NULL, NULL, '2025-10-26 06:43:31', '2025-10-26 06:43:31', '99:99:99'),
(284, 70, 2, 67, 1, 2, NULL, NULL, '2025-10-26 06:43:31', '2025-10-26 06:43:31', '99:99:99'),
(285, 46, 2, 68, 3, 2, NULL, NULL, '2025-10-26 06:44:08', '2025-10-26 06:44:08', '99:99:99'),
(286, 70, 2, 68, 2, 2, NULL, NULL, '2025-10-26 06:44:08', '2025-10-26 06:44:08', '99:99:99'),
(287, 45, 2, 69, 3, 2, NULL, NULL, '2025-10-26 06:44:35', '2025-10-26 06:44:35', '99:99:99'),
(288, 51, 1, 69, 1, 1, NULL, NULL, '2025-10-26 06:44:35', '2025-10-26 06:44:35', '99:99:99'),
(289, 57, 2, 69, 2, 2, NULL, NULL, '2025-10-26 06:44:35', '2025-10-26 06:44:35', '99:99:99'),
(290, 21, 2, 70, 2, 2, NULL, NULL, '2025-10-26 06:45:39', '2025-10-26 06:45:39', '99:99:99'),
(291, 69, 3, 70, 3, 3, NULL, NULL, '2025-10-26 06:45:39', '2025-10-26 06:45:39', '99:99:99'),
(292, 41, 2, 71, 4, 2, NULL, NULL, '2025-10-26 06:46:09', '2025-10-26 06:46:09', '99:99:99'),
(293, 71, 2, 71, 4, 2, NULL, NULL, '2025-10-26 06:46:09', '2025-10-26 06:46:09', '99:99:99'),
(294, 52, 2, 72, 3, 2, NULL, NULL, '2025-10-26 06:46:45', '2025-10-26 06:46:45', '99:99:99'),
(295, 70, 2, 72, 3, 2, NULL, NULL, '2025-10-26 06:46:45', '2025-10-26 06:46:45', '99:99:99'),
(296, 41, 3, 73, 1, 3, NULL, NULL, '2025-10-26 06:48:01', '2025-10-26 06:48:01', '99:99:99'),
(297, 71, 3, 73, 1, 3, NULL, NULL, '2025-10-26 06:48:01', '2025-10-26 06:48:01', '99:99:99'),
(298, 3, 1, 74, 2, 1, NULL, NULL, '2025-10-26 06:48:39', '2025-10-26 06:48:39', '99:99:99'),
(299, 57, 2, 74, 3, 2, NULL, NULL, '2025-10-26 06:48:39', '2025-10-26 06:48:39', '99:99:99'),
(300, 69, 3, 74, 4, 3, NULL, NULL, '2025-10-26 06:48:39', '2025-10-26 06:48:39', '99:99:99'),
(301, 46, 2, 75, 4, 2, NULL, NULL, '2025-10-26 06:54:32', '2025-10-26 06:54:32', '99:99:99'),
(302, 58, 1, 75, 1, 1, NULL, NULL, '2025-10-26 06:54:32', '2025-10-26 06:54:32', '99:99:99'),
(303, 42, 2, 76, 1, 2, NULL, NULL, '2025-10-26 06:55:48', '2025-10-26 06:55:48', '99:99:99'),
(304, 72, 2, 76, 4, 2, NULL, NULL, '2025-10-26 06:55:48', '2025-10-26 06:55:48', '99:99:99'),
(305, 20, 1, 79, 3, 1, NULL, NULL, '2025-10-26 06:57:53', '2025-10-26 06:57:53', '99:99:99'),
(306, 68, 1, 79, 3, 1, NULL, NULL, '2025-10-26 06:57:53', '2025-10-26 06:57:53', '99:99:99'),
(307, 45, 2, 77, 4, 2, NULL, NULL, '2025-10-26 06:58:25', '2025-10-26 06:58:25', '99:99:99'),
(308, 21, 2, 78, 3, 2, NULL, NULL, '2025-10-26 06:59:11', '2025-10-26 06:59:11', '99:99:99'),
(309, 51, 2, 78, 1, 2, NULL, NULL, '2025-10-26 06:59:11', '2025-10-26 06:59:11', '99:99:99'),
(310, 44, 1, 80, 3, 1, NULL, NULL, '2025-10-26 07:15:53', '2025-10-26 07:15:53', '99:99:99'),
(311, 50, 1, 80, 1, 1, NULL, NULL, '2025-10-26 07:15:53', '2025-10-26 07:15:53', '99:99:99'),
(312, 68, 1, 80, 4, 1, NULL, NULL, '2025-10-26 07:15:53', '2025-10-26 07:15:53', '99:99:99'),
(313, 44, 2, 81, 1, 2, NULL, NULL, '2025-10-26 07:16:23', '2025-10-26 07:16:23', '99:99:99'),
(314, 50, 1, 81, 2, 1, NULL, NULL, '2025-10-26 07:16:23', '2025-10-26 07:16:23', '99:99:99'),
(315, 68, 2, 81, 1, 2, NULL, NULL, '2025-10-26 07:16:23', '2025-10-26 07:16:23', '99:99:99'),
(316, 20, 1, 82, 4, 1, NULL, NULL, '2025-10-26 07:16:49', '2025-10-26 07:16:49', '99:99:99'),
(317, 44, 2, 82, 2, 2, NULL, NULL, '2025-10-26 07:16:49', '2025-10-26 07:16:49', '99:99:99'),
(318, 56, 1, 82, 3, 1, NULL, NULL, '2025-10-26 07:16:49', '2025-10-26 07:16:49', '99:99:99'),
(319, 8, 1, 83, 2, 1, NULL, NULL, '2025-10-26 07:17:18', '2025-10-26 07:17:18', '99:99:99'),
(320, 20, 2, 83, 1, 2, NULL, NULL, '2025-10-26 07:17:18', '2025-10-26 07:17:18', '99:99:99'),
(321, 26, 1, 83, 2, 1, NULL, NULL, '2025-10-26 07:17:18', '2025-10-26 07:17:18', '99:99:99'),
(322, 43, 2, 84, 1, 2, NULL, NULL, '2025-10-27 02:11:27', '2025-10-27 02:11:27', '99:99:99'),
(323, 20, 2, 86, 2, 2, NULL, NULL, '2025-10-27 02:21:22', '2025-10-27 02:21:22', '99:99:99'),
(324, 32, 1, 86, 1, 1, NULL, NULL, '2025-10-27 02:21:22', '2025-10-27 02:21:22', '99:99:99'),
(325, 56, 1, 86, 4, 1, NULL, NULL, '2025-10-27 02:21:22', '2025-10-27 02:21:22', '99:99:99'),
(326, 68, 2, 86, 2, 2, NULL, NULL, '2025-10-27 02:21:22', '2025-10-27 02:21:22', '99:99:99'),
(327, 10, 2, 92, 2, 2, NULL, NULL, '2025-10-27 02:35:05', '2025-10-27 02:35:05', '99:99:99'),
(328, 46, 3, 92, 1, 3, NULL, NULL, '2025-10-27 02:35:05', '2025-10-27 02:35:05', '99:99:99'),
(329, 58, 1, 92, 2, 1, NULL, NULL, '2025-10-27 02:35:05', '2025-10-27 02:35:05', '99:99:99'),
(330, 70, 2, 92, 4, 2, NULL, NULL, '2025-10-27 02:35:05', '2025-10-27 02:35:05', '99:99:99'),
(331, 59, 1, 93, 3, 1, NULL, NULL, '2025-10-27 02:35:50', '2025-10-27 02:35:50', '99:99:99'),
(332, 71, 3, 93, 2, 3, NULL, NULL, '2025-10-27 02:35:50', '2025-10-27 02:35:50', '99:99:99'),
(333, 5, 1, 94, 3, 1, NULL, NULL, '2025-10-27 02:37:17', '2025-10-27 02:37:17', '99:99:99'),
(334, 41, 3, 94, 2, 3, NULL, NULL, '2025-10-27 02:37:17', '2025-10-27 02:37:17', '99:99:99'),
(335, 59, 2, 94, 2, 2, NULL, NULL, '2025-10-27 02:37:17', '2025-10-27 02:37:17', '99:99:99'),
(336, 71, 3, 94, 3, 3, NULL, NULL, '2025-10-27 02:37:17', '2025-10-27 02:37:17', '99:99:99'),
(337, 6, 2, 95, 2, 2, NULL, NULL, '2025-10-27 02:37:40', '2025-10-27 02:37:40', '99:99:99'),
(338, 42, 2, 95, 2, 2, NULL, NULL, '2025-10-27 02:37:40', '2025-10-27 02:37:40', '99:99:99'),
(339, 60, 3, 95, 1, 3, NULL, NULL, '2025-10-27 02:37:40', '2025-10-27 02:37:40', '99:99:99'),
(340, 72, 3, 95, 1, 3, NULL, NULL, '2025-10-27 02:37:40', '2025-10-27 02:37:40', '99:99:99'),
(341, 12, 1, 96, 2, 1, NULL, NULL, '2025-10-27 02:40:14', '2025-10-27 02:40:14', '99:99:99'),
(342, 24, 2, 96, 2, 2, NULL, NULL, '2025-10-27 02:40:14', '2025-10-27 02:40:14', '99:99:99'),
(343, 36, 2, 96, 2, 2, NULL, NULL, '2025-10-27 02:40:14', '2025-10-27 02:40:14', '99:99:99'),
(344, 48, 2, 96, 2, 2, NULL, NULL, '2025-10-27 02:40:14', '2025-10-27 02:40:14', '99:99:99'),
(345, 12, 1, 97, 3, 1, NULL, NULL, '2025-10-27 02:40:38', '2025-10-27 02:40:38', '99:99:99'),
(346, 24, 2, 97, 3, 2, NULL, NULL, '2025-10-27 02:40:38', '2025-10-27 02:40:38', '99:99:99'),
(347, 36, 2, 97, 3, 2, NULL, NULL, '2025-10-27 02:40:38', '2025-10-27 02:40:38', '99:99:99'),
(348, 48, 2, 97, 3, 2, NULL, NULL, '2025-10-27 02:40:38', '2025-10-27 02:40:38', '99:99:99'),
(349, 12, 1, 97, 1, 1, NULL, NULL, '2025-10-27 02:40:40', '2025-10-27 02:40:40', '99:99:99'),
(350, 24, 2, 97, 4, 2, NULL, NULL, '2025-10-27 02:40:40', '2025-10-27 02:40:40', '99:99:99'),
(351, 36, 2, 97, 1, 2, NULL, NULL, '2025-10-27 02:40:40', '2025-10-27 02:40:40', '99:99:99'),
(352, 48, 2, 97, 4, 2, NULL, NULL, '2025-10-27 02:40:40', '2025-10-27 02:40:40', '99:99:99'),
(353, 12, 2, 98, 1, 2, NULL, NULL, '2025-10-27 02:41:07', '2025-10-27 02:41:07', '99:99:99'),
(354, 24, 3, 98, 1, 3, NULL, NULL, '2025-10-27 02:41:07', '2025-10-27 02:41:07', '99:99:99'),
(355, 36, 3, 98, 1, 3, NULL, NULL, '2025-10-27 02:41:07', '2025-10-27 02:41:07', '99:99:99'),
(356, 48, 3, 98, 1, 3, NULL, NULL, '2025-10-27 02:41:07', '2025-10-27 02:41:07', '99:99:99'),
(357, 10, 2, 100, 3, 2, NULL, NULL, '2025-10-27 02:41:42', '2025-10-27 02:41:42', '99:99:99'),
(358, 22, 2, 100, 3, 2, NULL, NULL, '2025-10-27 02:41:42', '2025-10-27 02:41:42', '99:99:99'),
(359, 46, 3, 100, 2, 3, NULL, NULL, '2025-10-27 02:41:42', '2025-10-27 02:41:42', '99:99:99'),
(360, 52, 2, 100, 1, 2, NULL, NULL, '2025-10-27 02:41:42', '2025-10-27 02:41:42', '99:99:99'),
(361, 58, 1, 100, 3, 1, NULL, NULL, '2025-10-27 02:41:42', '2025-10-27 02:41:42', '99:99:99'),
(362, 70, 3, 100, 1, 3, NULL, NULL, '2025-10-27 02:41:42', '2025-10-27 02:41:42', '99:99:99'),
(363, 35, 1, 99, 3, 1, NULL, NULL, '2025-10-27 02:42:10', '2025-10-27 02:42:10', '99:99:99'),
(364, 47, 2, 99, 4, 2, NULL, NULL, '2025-10-27 02:42:10', '2025-10-27 02:42:10', '99:99:99'),
(365, 45, 3, 101, 1, 3, NULL, NULL, '2025-10-27 02:42:29', '2025-10-27 02:42:29', '99:99:99'),
(366, 69, 4, 101, 1, 4, NULL, NULL, '2025-10-27 02:42:29', '2025-10-27 02:42:29', '99:99:99'),
(367, 45, 3, 102, 2, 3, NULL, NULL, '2025-10-27 02:42:56', '2025-10-27 02:42:56', '99:99:99'),
(368, 42, 2, 103, 3, 2, NULL, NULL, '2025-10-27 02:43:24', '2025-10-27 02:43:24', '99:99:99'),
(369, 6, 2, 88, 3, 2, NULL, NULL, '2025-10-27 02:43:38', '2025-10-27 02:43:38', '99:99:99'),
(370, 42, 2, 88, 4, 2, NULL, NULL, '2025-10-27 02:43:38', '2025-10-27 02:43:38', '99:99:99'),
(371, 60, 3, 88, 2, 3, NULL, NULL, '2025-10-27 02:43:38', '2025-10-27 02:43:38', '99:99:99'),
(372, 72, 3, 88, 2, 3, NULL, NULL, '2025-10-27 02:43:38', '2025-10-27 02:43:38', '99:99:99'),
(373, 23, 2, 104, 1, 2, NULL, NULL, '2025-10-27 02:43:52', '2025-10-27 02:43:52', '99:99:99'),
(374, 47, 3, 104, 1, 3, NULL, NULL, '2025-10-27 02:43:52', '2025-10-27 02:43:52', '99:99:99'),
(375, 72, 3, 105, 3, 3, NULL, NULL, '2025-10-27 02:44:16', '2025-10-27 02:44:16', '99:99:99'),
(376, 5, 1, 89, 4, 1, NULL, NULL, '2025-10-27 02:44:19', '2025-10-27 02:44:19', '99:99:99'),
(377, 41, 3, 89, 3, 3, NULL, NULL, '2025-10-27 02:44:19', '2025-10-27 02:44:19', '99:99:99'),
(378, 53, 2, 89, 1, 2, NULL, NULL, '2025-10-27 02:44:19', '2025-10-27 02:44:19', '99:99:99'),
(379, 59, 2, 89, 3, 2, NULL, NULL, '2025-10-27 02:44:19', '2025-10-27 02:44:19', '99:99:99'),
(380, 71, 3, 89, 4, 3, NULL, NULL, '2025-10-27 02:44:19', '2025-10-27 02:44:19', '99:99:99'),
(381, 19, 2, 106, 1, 2, NULL, NULL, '2025-10-27 02:58:14', '2025-10-27 02:58:14', '99:99:99'),
(382, 31, 1, 107, 2, 1, NULL, NULL, '2025-10-27 02:58:48', '2025-10-27 02:58:48', '99:99:99'),
(383, 9, 2, 85, 2, 2, NULL, NULL, '2025-10-27 02:59:47', '2025-10-27 02:59:47', '00:32:59'),
(384, 21, 3, 85, 1, 3, NULL, NULL, '2025-10-27 02:59:47', '2025-10-27 02:59:47', '00:54:31'),
(385, 27, 2, 85, 3, 2, NULL, NULL, '2025-10-27 02:59:47', '2025-10-27 02:59:47', '02:03:21'),
(386, 33, 1, 85, 3, 1, NULL, NULL, '2025-10-27 02:59:47', '2025-10-27 02:59:47', '00:58:41'),
(387, 45, 4, 85, 1, 4, NULL, NULL, '2025-10-27 02:59:47', '2025-10-27 02:59:47', '00:29:10'),
(388, 51, 2, 85, 3, 2, NULL, NULL, '2025-10-27 02:59:47', '2025-10-27 02:59:47', '00:56:63'),
(389, 57, 2, 85, 4, 2, NULL, NULL, '2025-10-27 02:59:47', '2025-10-27 02:59:47', '00:30:89'),
(390, 63, 2, 85, 2, 2, NULL, NULL, '2025-10-27 02:59:47', '2025-10-27 02:59:47', '01:06:85'),
(391, 69, 4, 85, 4, 4, NULL, NULL, '2025-10-27 02:59:47', '2025-10-27 02:59:47', '00:28:90'),
(392, 6, 3, 87, 4, 3, NULL, NULL, '2025-10-27 03:03:55', '2025-10-27 03:03:55', '00:56:90'),
(393, 18, 3, 87, 1, 3, NULL, NULL, '2025-10-27 03:03:55', '2025-10-27 03:03:55', '01:18:40'),
(394, 42, 4, 87, 3, 4, NULL, NULL, '2025-10-27 03:03:55', '2025-10-27 03:03:55', '00:41:84'),
(395, 54, 3, 87, 1, 3, NULL, NULL, '2025-10-27 03:03:55', '2025-10-27 03:03:55', '01:25:59'),
(396, 60, 5, 87, 1, 5, NULL, NULL, '2025-10-27 03:03:55', '2025-10-27 03:03:55', '00:46:75'),
(397, 72, 5, 87, 3, 5, NULL, NULL, '2025-10-27 03:03:55', '2025-10-27 03:03:55', '00:39:37'),
(398, 11, 1, 90, 3, 1, NULL, NULL, '2025-10-27 03:06:11', '2025-10-27 03:06:11', '00:53:37'),
(399, 23, 2, 90, 3, 2, NULL, NULL, '2025-10-27 03:06:11', '2025-10-27 03:06:11', '00:44:68'),
(400, 47, 3, 90, 3, 3, NULL, NULL, '2025-10-27 03:06:11', '2025-10-27 03:06:11', '00:32:45'),
(401, 4, 2, 108, 1, 2, NULL, NULL, '2025-10-27 03:09:36', '2025-10-27 03:09:36', '01:57:24'),
(402, 16, 1, 108, 2, 1, NULL, NULL, '2025-10-27 03:09:36', '2025-10-27 03:09:36', '99:99:99'),
(403, 22, 4, 108, 1, 4, NULL, NULL, '2025-10-27 03:09:36', '2025-10-27 03:09:36', '00:41:44'),
(404, 28, 2, 108, 1, 2, NULL, NULL, '2025-10-27 03:09:36', '2025-10-27 03:09:36', '02:16:09'),
(405, 34, 1, 108, 2, 1, NULL, NULL, '2025-10-27 03:09:36', '2025-10-27 03:09:36', '99:99:99'),
(406, 46, 4, 108, 1, 4, NULL, NULL, '2025-10-27 03:09:36', '2025-10-27 03:09:36', '00:28:01'),
(407, 52, 4, 108, 2, 4, NULL, NULL, '2025-10-27 03:09:36', '2025-10-27 03:09:36', '00:51:19'),
(408, 58, 2, 108, 2, 2, NULL, NULL, '2025-10-27 03:09:36', '2025-10-27 03:09:36', '00:25:71'),
(409, 70, 4, 108, 2, 4, NULL, NULL, '2025-10-27 03:09:36', '2025-10-27 03:09:36', '00:23:96'),
(410, 12, 2, 91, 2, 2, NULL, NULL, '2025-10-27 03:14:50', '2025-10-27 03:14:50', '00:58:95'),
(411, 24, 3, 91, 2, 3, NULL, NULL, '2025-10-27 03:14:50', '2025-10-27 03:14:50', '00:59:72'),
(412, 36, 3, 91, 2, 3, NULL, NULL, '2025-10-27 03:14:50', '2025-10-27 03:14:50', '00:58:19'),
(413, 48, 3, 91, 2, 3, NULL, NULL, '2025-10-27 03:14:50', '2025-10-27 03:14:50', '00:54:73'),
(414, 5, 2, 109, 1, 2, NULL, NULL, '2025-10-27 03:18:25', '2025-10-27 03:18:25', '99:99:99'),
(415, 17, 2, 109, 1, 2, NULL, NULL, '2025-10-27 03:18:25', '2025-10-27 03:18:25', '99:99:99'),
(416, 41, 3, 109, 4, 3, NULL, NULL, '2025-10-27 03:18:25', '2025-10-27 03:18:25', '99:99:99'),
(417, 53, 2, 109, 2, 2, NULL, NULL, '2025-10-27 03:18:25', '2025-10-27 03:18:25', '99:99:99'),
(418, 59, 2, 109, 1, 2, NULL, NULL, '2025-10-27 03:18:25', '2025-10-27 03:18:25', '99:99:99'),
(419, 71, 4, 109, 1, 4, NULL, NULL, '2025-10-27 03:18:25', '2025-10-27 03:18:25', '99:99:99'),
(420, 3, 2, 110, 2, 2, NULL, NULL, '2025-10-27 03:30:47', '2025-10-27 03:30:47', '02:11:40'),
(421, 9, 2, 110, 1, 2, NULL, NULL, '2025-10-27 03:30:47', '2025-10-27 03:30:47', '00:32:90'),
(422, 15, 1, 110, 2, 1, NULL, NULL, '2025-10-27 03:30:47', '2025-10-27 03:30:47', '99:99:99'),
(423, 21, 3, 110, 3, 3, NULL, NULL, '2025-10-27 03:30:47', '2025-10-27 03:30:47', '00:51:22'),
(424, 33, 1, 110, 4, 1, NULL, NULL, '2025-10-27 03:30:47', '2025-10-27 03:30:47', '00:56:41'),
(425, 45, 3, 110, 3, 3, NULL, NULL, '2025-10-27 03:30:47', '2025-10-27 03:30:47', '00:29:70'),
(426, 51, 2, 110, 2, 2, NULL, NULL, '2025-10-27 03:30:47', '2025-10-27 03:30:47', '00:57:02'),
(427, 57, 3, 110, 2, 3, NULL, NULL, '2025-10-27 03:30:47', '2025-10-27 03:30:47', '00:28:30'),
(428, 63, 1, 110, 3, 1, NULL, NULL, '2025-10-27 03:30:47', '2025-10-27 03:30:47', '01:08:77'),
(429, 69, 5, 110, 1, 5, NULL, NULL, '2025-10-27 03:30:47', '2025-10-27 03:30:47', '00:27:50'),
(430, 6, 2, 111, 4, 2, NULL, NULL, '2025-10-27 03:36:55', '2025-10-27 03:36:55', '99:99:99'),
(431, 18, 2, 111, 1, 2, NULL, NULL, '2025-10-27 03:36:55', '2025-10-27 03:36:55', '99:99:99'),
(432, 42, 3, 111, 1, 3, NULL, NULL, '2025-10-27 03:36:55', '2025-10-27 03:36:55', '99:99:99'),
(433, 60, 3, 111, 3, 3, NULL, NULL, '2025-10-27 03:36:55', '2025-10-27 03:36:55', '99:99:99'),
(434, 72, 3, 111, 4, 3, NULL, NULL, '2025-10-27 03:36:55', '2025-10-27 03:36:55', '99:99:99'),
(435, 17, 2, 112, 2, 2, NULL, NULL, '2025-10-27 13:57:23', '2025-10-27 13:57:23', '99:99:99'),
(436, 41, 4, 112, 1, 4, NULL, NULL, '2025-10-27 13:57:23', '2025-10-27 13:57:23', '99:99:99'),
(437, 53, 2, 112, 3, 2, NULL, NULL, '2025-10-27 13:57:23', '2025-10-27 13:57:23', '99:99:99'),
(438, 71, 4, 112, 2, 4, NULL, NULL, '2025-10-27 13:57:23', '2025-10-27 13:57:23', '99:99:99'),
(439, 2, 1, 113, 4, 1, NULL, NULL, '2025-10-27 14:12:40', '2025-10-27 14:12:40', '01:13:58'),
(440, 8, 2, 113, 4, 2, NULL, NULL, '2025-10-27 14:12:40', '2025-10-27 14:12:40', '00:16:42'),
(441, 14, 1, 113, 1, 1, NULL, NULL, '2025-10-27 14:12:40', '2025-10-27 14:12:40', '01:40:15'),
(442, 20, 3, 113, 3, 3, NULL, NULL, '2025-10-27 14:12:40', '2025-10-27 14:12:40', '00:33:71'),
(443, 26, 2, 113, 3, 2, NULL, NULL, '2025-10-27 14:12:40', '2025-10-27 14:12:40', '01:43:74'),
(444, 32, 1, 113, 4, 1, NULL, NULL, '2025-10-27 14:12:40', '2025-10-27 14:12:40', '00:44:96'),
(445, 38, 1, 113, 1, 1, NULL, NULL, '2025-10-27 14:12:40', '2025-10-27 14:12:40', '01:25:38'),
(446, 44, 3, 113, 1, 3, NULL, NULL, '2025-10-27 14:12:40', '2025-10-27 14:12:40', '00:22:86'),
(447, 50, 2, 113, 2, 2, NULL, NULL, '2025-10-27 14:12:40', '2025-10-27 14:12:40', '00:48:78'),
(448, 56, 2, 113, 3, 2, NULL, NULL, '2025-10-27 14:12:40', '2025-10-27 14:12:40', '00:21:79'),
(449, 62, 2, 113, 1, 2, NULL, NULL, '2025-10-27 14:12:40', '2025-10-27 14:12:40', '00:35:89'),
(450, 68, 3, 113, 3, 3, NULL, NULL, '2025-10-27 14:12:40', '2025-10-27 14:12:40', '00:16:35'),
(451, 19, 2, 114, 2, 2, NULL, NULL, '2025-10-27 14:13:23', '2025-10-27 14:13:23', '99:99:99'),
(452, 49, 3, 114, 2, 3, NULL, NULL, '2025-10-27 14:13:23', '2025-10-27 14:13:23', '99:99:99'),
(453, 4, 2, 115, 3, 2, NULL, NULL, '2025-10-27 14:20:15', '2025-10-27 14:20:15', '01:30:37'),
(454, 10, 4, 115, 3, 4, NULL, NULL, '2025-10-27 14:20:15', '2025-10-27 14:20:15', '00:20:02'),
(455, 16, 1, 115, 3, 1, NULL, NULL, '2025-10-27 14:20:15', '2025-10-27 14:20:15', '01:33:20'),
(456, 22, 4, 115, 2, 4, NULL, NULL, '2025-10-27 14:20:15', '2025-10-27 14:20:15', '00:39:67'),
(457, 28, 2, 115, 3, 2, NULL, NULL, '2025-10-27 14:20:15', '2025-10-27 14:20:15', '01:51:80'),
(458, 34, 2, 115, 3, 2, NULL, NULL, '2025-10-27 14:20:15', '2025-10-27 14:20:15', '00:42:03'),
(459, 40, 1, 115, 2, 1, NULL, NULL, '2025-10-27 14:20:15', '2025-10-27 14:20:15', '01:40:17'),
(460, 46, 5, 115, 3, 5, NULL, NULL, '2025-10-27 14:20:15', '2025-10-27 14:20:15', '00:22:07'),
(461, 52, 4, 115, 1, 4, NULL, NULL, '2025-10-27 14:20:15', '2025-10-27 14:20:15', '00:52:01'),
(462, 58, 3, 115, 3, 3, NULL, NULL, '2025-10-27 14:20:15', '2025-10-27 14:20:15', '00:20:10'),
(463, 64, 1, 115, 3, 1, NULL, NULL, '2025-10-27 14:20:15', '2025-10-27 14:20:15', '00:45:08'),
(464, 70, 5, 115, 2, 5, NULL, NULL, '2025-10-27 14:20:15', '2025-10-27 14:20:15', '00:19:05'),
(465, 4, 2, 116, 2, 2, NULL, NULL, '2025-10-27 14:45:27', '2025-10-27 14:45:27', '01:51:56'),
(466, 10, 4, 116, 1, 4, NULL, NULL, '2025-10-27 14:45:27', '2025-10-27 14:45:27', '00:21:34'),
(467, 22, 3, 116, 4, 3, NULL, NULL, '2025-10-27 14:45:27', '2025-10-27 14:45:27', '00:43:08'),
(468, 40, 1, 116, 3, 1, NULL, NULL, '2025-10-27 14:45:27', '2025-10-27 14:45:27', '01:40:16'),
(469, 46, 3, 116, 4, 3, NULL, NULL, '2025-10-27 14:45:27', '2025-10-27 14:45:27', '00:28:53'),
(470, 58, 2, 116, 1, 2, NULL, NULL, '2025-10-27 14:45:27', '2025-10-27 14:45:27', '00:26:00'),
(471, 64, 1, 116, 1, 1, NULL, NULL, '2025-10-27 14:45:27', '2025-10-27 14:45:27', '00:47:23'),
(472, 70, 4, 116, 4, 4, NULL, NULL, '2025-10-27 14:45:28', '2025-10-27 14:45:28', '00:19:72'),
(473, 8, 1, 117, 3, 1, NULL, NULL, '2025-10-27 15:18:04', '2025-10-27 15:18:04', '99:99:99'),
(474, 20, 2, 117, 3, 2, NULL, NULL, '2025-10-27 15:18:04', '2025-10-27 15:18:04', '99:99:99'),
(475, 26, 1, 117, 3, 1, NULL, NULL, '2025-10-27 15:18:04', '2025-10-27 15:18:04', '99:99:99'),
(476, 32, 1, 117, 2, 1, NULL, NULL, '2025-10-27 15:18:04', '2025-10-27 15:18:04', '99:99:99'),
(477, 44, 2, 117, 3, 2, NULL, NULL, '2025-10-27 15:18:04', '2025-10-27 15:18:04', '99:99:99'),
(478, 50, 1, 117, 3, 1, NULL, NULL, '2025-10-27 15:18:04', '2025-10-27 15:18:04', '99:99:99'),
(479, 56, 2, 117, 1, 2, NULL, NULL, '2025-10-27 15:18:04', '2025-10-27 15:18:04', '99:99:99'),
(480, 62, 1, 117, 3, 1, NULL, NULL, '2025-10-27 15:18:04', '2025-10-27 15:18:04', '99:99:99'),
(481, 68, 2, 117, 3, 2, NULL, NULL, '2025-10-27 15:18:04', '2025-10-27 15:18:04', '99:99:99'),
(482, 6, 5, 118, 3, 5, NULL, NULL, '2025-10-27 20:07:08', '2025-10-27 20:07:08', '00:25:34'),
(483, 18, 3, 118, 2, 3, NULL, NULL, '2025-10-27 20:07:08', '2025-10-27 20:07:08', '01:03:41'),
(484, 42, 4, 118, 2, 4, NULL, NULL, '2025-10-27 20:07:08', '2025-10-27 20:07:08', '00:43:50'),
(485, 60, 6, 118, 2, 6, NULL, NULL, '2025-10-27 20:07:08', '2025-10-27 20:07:08', '00:24:21'),
(486, 72, 7, 118, 3, 7, NULL, NULL, '2025-10-27 20:07:08', '2025-10-27 20:07:08', '00:23:18'),
(487, 70, 3, 119, 2, 3, NULL, NULL, '2025-10-27 20:18:12', '2025-10-27 20:18:12', '99:99:99'),
(488, 69, 4, 120, 2, 4, NULL, NULL, '2025-10-27 20:22:34', '2025-10-27 20:22:34', '99:99:99'),
(489, 7, 1, 121, 2, 1, NULL, NULL, '2025-10-27 21:35:58', '2025-10-27 21:35:58', '00:37:31'),
(490, 19, 4, 121, 2, 4, NULL, NULL, '2025-10-27 21:35:58', '2025-10-27 21:35:58', '00:37:31'),
(491, 31, 2, 121, 3, 2, NULL, NULL, '2025-10-27 21:35:58', '2025-10-27 21:35:58', '00:38:21'),
(492, 43, 2, 121, 2, 2, NULL, NULL, '2025-10-27 21:35:58', '2025-10-27 21:35:58', '00:37:31'),
(493, 49, 4, 121, 4, 4, NULL, NULL, '2025-10-27 21:35:58', '2025-10-27 21:35:58', '00:37:31'),
(494, 55, 3, 121, 3, 3, NULL, NULL, '2025-10-27 21:35:58', '2025-10-27 21:35:58', '00:17:22'),
(495, 61, 2, 121, 3, 2, NULL, NULL, '2025-10-27 21:35:58', '2025-10-27 21:35:58', '00:40:84'),
(496, 67, 3, 121, 4, 3, NULL, NULL, '2025-10-27 21:35:58', '2025-10-27 21:35:58', '00:17:23'),
(497, 7, 3, 122, 2, 3, NULL, NULL, '2025-10-27 21:46:16', '2025-10-27 21:46:16', '00:18:81'),
(498, 19, 4, 122, 1, 4, NULL, NULL, '2025-10-27 21:46:16', '2025-10-27 21:46:16', '00:39:05'),
(499, 25, 3, 122, 4, 3, NULL, NULL, '2025-10-27 21:46:16', '2025-10-27 21:46:16', '01:29:05'),
(500, 43, 4, 122, 4, 4, NULL, NULL, '2025-10-27 21:46:16', '2025-10-27 21:46:16', '00:18:64'),
(501, 49, 4, 122, 3, 4, NULL, NULL, '2025-10-27 21:46:16', '2025-10-27 21:46:16', '00:42:39'),
(502, 55, 3, 122, 1, 3, NULL, NULL, '2025-10-27 21:46:16', '2025-10-27 21:46:16', '00:18:78'),
(503, 67, 3, 122, 1, 3, NULL, NULL, '2025-10-27 21:46:16', '2025-10-27 21:46:16', '00:19:28'),
(504, 1, 2, 123, 3, 2, NULL, NULL, '2025-10-27 22:05:48', '2025-10-27 22:05:48', '01:21:40'),
(505, 7, 3, 123, 4, 3, NULL, NULL, '2025-10-27 22:05:48', '2025-10-27 22:05:48', '00:17:56'),
(506, 13, 1, 123, 1, 1, NULL, NULL, '2025-10-27 22:05:48', '2025-10-27 22:05:48', '99:99:99'),
(507, 19, 4, 123, 3, 4, NULL, NULL, '2025-10-27 22:05:48', '2025-10-27 22:05:48', '00:37:12'),
(508, 31, 2, 123, 4, 2, NULL, NULL, '2025-10-27 22:05:48', '2025-10-27 22:05:48', '00:38:14'),
(509, 37, 1, 123, 1, 1, NULL, NULL, '2025-10-27 22:05:48', '2025-10-27 22:05:48', '01:28:10'),
(510, 43, 3, 123, 4, 3, NULL, NULL, '2025-10-27 22:05:48', '2025-10-27 22:05:48', '00:20:15'),
(511, 55, 3, 123, 4, 3, NULL, NULL, '2025-10-27 22:05:48', '2025-10-27 22:05:48', '00:16:45'),
(512, 67, 4, 123, 1, 4, NULL, NULL, '2025-10-27 22:05:48', '2025-10-27 22:05:48', '00:16:76'),
(513, 7, 1, 124, 1, 1, NULL, NULL, '2025-10-27 22:09:23', '2025-10-27 22:09:23', '00:24:17'),
(514, 19, 3, 124, 1, 3, NULL, NULL, '2025-10-27 22:09:23', '2025-10-27 22:09:23', '00:43:51'),
(515, 43, 3, 124, 1, 3, NULL, NULL, '2025-10-27 22:09:23', '2025-10-27 22:09:23', '00:24:71'),
(516, 55, 1, 124, 3, 1, NULL, NULL, '2025-10-27 22:09:23', '2025-10-27 22:09:23', '00:26:82'),
(517, 67, 2, 124, 3, 2, NULL, NULL, '2025-10-27 22:09:23', '2025-10-27 22:09:23', '00:22:19'),
(518, 7, 1, 125, 3, 1, NULL, NULL, '2025-10-27 22:54:25', '2025-10-27 22:54:25', '00:26:67'),
(519, 19, 2, 125, 3, 2, NULL, NULL, '2025-10-27 22:54:25', '2025-10-27 22:54:25', '00:45:29'),
(520, 43, 2, 125, 3, 2, NULL, NULL, '2025-10-27 22:54:25', '2025-10-27 22:54:25', '00:26:83'),
(521, 55, 2, 125, 1, 2, NULL, NULL, '2025-10-27 22:54:25', '2025-10-27 22:54:25', '00:23:18'),
(522, 67, 2, 125, 2, 2, NULL, NULL, '2025-10-27 22:54:25', '2025-10-27 22:54:25', '00:23:82'),
(523, 6, 4, 126, 3, 4, NULL, NULL, '2025-10-27 22:58:35', '2025-10-27 22:58:35', '00:33:01'),
(524, 18, 3, 126, 4, 3, NULL, NULL, '2025-10-27 22:58:35', '2025-10-27 22:58:35', '00:56:29'),
(525, 30, 2, 126, 4, 2, NULL, NULL, '2025-10-27 22:58:35', '2025-10-27 22:58:35', '00:56:44'),
(526, 42, 6, 126, 1, 6, NULL, NULL, '2025-10-27 22:58:35', '2025-10-27 22:58:35', '00:27:20'),
(527, 54, 3, 126, 3, 3, NULL, NULL, '2025-10-27 22:58:35', '2025-10-27 22:58:35', '00:58:06'),
(528, 60, 6, 126, 1, 6, NULL, NULL, '2025-10-27 22:58:35', '2025-10-27 22:58:35', '00:24:70'),
(529, 66, 1, 126, 2, 1, NULL, NULL, '2025-10-27 22:58:36', '2025-10-27 22:58:36', '01:05:38'),
(530, 72, 6, 126, 4, 6, NULL, NULL, '2025-10-27 22:58:36', '2025-10-27 22:58:36', '00:24:81'),
(531, 1, 2, 127, 1, 2, NULL, NULL, '2025-10-27 23:23:36', '2025-10-27 23:23:36', '01:18:40'),
(532, 7, 3, 127, 3, 3, NULL, NULL, '2025-10-27 23:23:36', '2025-10-27 23:23:36', '00:18:23'),
(533, 13, 1, 127, 2, 1, NULL, NULL, '2025-10-27 23:23:36', '2025-10-27 23:23:36', '99:99:99'),
(534, 19, 4, 127, 4, 4, NULL, NULL, '2025-10-27 23:23:36', '2025-10-27 23:23:36', '00:36:24'),
(535, 31, 2, 127, 2, 2, NULL, NULL, '2025-10-27 23:23:36', '2025-10-27 23:23:36', '00:39:06'),
(536, 37, 1, 127, 3, 1, NULL, NULL, '2025-10-27 23:23:36', '2025-10-27 23:23:36', '01:29:17'),
(537, 43, 4, 127, 3, 4, NULL, NULL, '2025-10-27 23:23:36', '2025-10-27 23:23:36', '00:19:30'),
(538, 49, 4, 127, 1, 4, NULL, NULL, '2025-10-27 23:23:36', '2025-10-27 23:23:36', '00:44:89'),
(539, 55, 3, 127, 2, 3, NULL, NULL, '2025-10-27 23:23:36', '2025-10-27 23:23:36', '00:17:27'),
(540, 61, 2, 127, 1, 2, NULL, NULL, '2025-10-27 23:23:36', '2025-10-27 23:23:36', '00:39:02'),
(541, 67, 4, 127, 3, 4, NULL, NULL, '2025-10-27 23:23:36', '2025-10-27 23:23:36', '00:16:45'),
(542, 9, 3, 128, 1, 3, NULL, NULL, '2025-10-27 23:26:51', '2025-10-27 23:26:51', '00:28:39'),
(543, 21, 4, 128, 3, 4, NULL, NULL, '2025-10-27 23:26:51', '2025-10-27 23:26:51', '00:41:67'),
(544, 33, 1, 128, 2, 1, NULL, NULL, '2025-10-27 23:26:51', '2025-10-27 23:26:51', '99:99:99'),
(545, 45, 4, 128, 3, 4, NULL, NULL, '2025-10-27 23:26:51', '2025-10-27 23:26:51', '00:25:28'),
(546, 57, 4, 128, 1, 4, NULL, NULL, '2025-10-27 23:26:51', '2025-10-27 23:26:51', '00:24:05'),
(547, 69, 5, 128, 4, 5, NULL, NULL, '2025-10-27 23:26:51', '2025-10-27 23:26:51', '00:24:24'),
(548, 1, 2, 129, 2, 2, NULL, NULL, '2025-10-28 00:18:51', '2025-10-28 00:18:51', '01:28:54'),
(549, 7, 2, 129, 2, 2, NULL, NULL, '2025-10-28 00:18:51', '2025-10-28 00:18:51', '00:21:91'),
(550, 13, 1, 129, 3, 1, NULL, NULL, '2025-10-28 00:18:51', '2025-10-28 00:18:51', '99:99:99'),
(551, 25, 3, 129, 3, 3, NULL, NULL, '2025-10-28 00:18:51', '2025-10-28 00:18:51', '01:32:46'),
(552, 37, 1, 129, 2, 1, NULL, NULL, '2025-10-28 00:18:51', '2025-10-28 00:18:51', '01:34:37'),
(553, 43, 4, 129, 1, 4, NULL, NULL, '2025-10-28 00:18:51', '2025-10-28 00:18:51', '00:19:99'),
(554, 67, 2, 129, 4, 2, NULL, NULL, '2025-10-28 00:18:51', '2025-10-28 00:18:51', '00:19:85');
INSERT INTO `detail_lomba` (`id`, `lomba_id`, `seri`, `peserta_id`, `no_lintasan`, `urutan`, `catatan_waktu`, `keterangan`, `created_at`, `updated_at`, `limit`) VALUES
(555, 3, 2, 130, 1, 2, NULL, NULL, '2025-10-28 00:42:00', '2025-10-28 00:42:00', '01:24:39'),
(556, 9, 3, 130, 4, 3, NULL, NULL, '2025-10-28 00:42:00', '2025-10-28 00:42:00', '00:21:82'),
(557, 15, 1, 130, 3, 1, NULL, NULL, '2025-10-28 00:42:00', '2025-10-28 00:42:00', '99:99:99'),
(558, 21, 4, 130, 4, 4, NULL, NULL, '2025-10-28 00:42:00', '2025-10-28 00:42:00', '00:39:33'),
(559, 27, 2, 130, 1, 2, NULL, NULL, '2025-10-28 00:42:00', '2025-10-28 00:42:00', '01:32:08'),
(560, 39, 1, 130, 1, 1, NULL, NULL, '2025-10-28 00:42:00', '2025-10-28 00:42:00', '99:99:99'),
(561, 45, 5, 130, 4, 5, NULL, NULL, '2025-10-28 00:42:00', '2025-10-28 00:42:00', '00:19:67'),
(562, 51, 3, 130, 4, 3, NULL, NULL, '2025-10-28 00:42:00', '2025-10-28 00:42:00', '00:43:64'),
(563, 57, 4, 130, 4, 4, NULL, NULL, '2025-10-28 00:42:00', '2025-10-28 00:42:00', '00:18:23'),
(564, 63, 2, 130, 1, 2, NULL, NULL, '2025-10-28 00:42:00', '2025-10-28 00:42:00', '00:44:34'),
(565, 69, 6, 130, 4, 6, NULL, NULL, '2025-10-28 00:42:00', '2025-10-28 00:42:00', '00:18:37'),
(566, 42, 4, 131, 4, 4, NULL, NULL, '2025-10-28 00:44:36', '2025-10-28 00:44:36', '00:34:17'),
(567, 60, 5, 131, 2, 5, NULL, NULL, '2025-10-28 00:44:36', '2025-10-28 00:44:36', '00:32:74'),
(568, 72, 6, 131, 1, 6, NULL, NULL, '2025-10-28 00:44:36', '2025-10-28 00:44:36', '00:31:48'),
(569, 12, 2, 132, 3, 2, NULL, NULL, '2025-10-28 00:49:22', '2025-10-28 00:49:22', '00:35:71'),
(570, 24, 3, 132, 3, 3, NULL, NULL, '2025-10-28 00:49:22', '2025-10-28 00:49:22', '00:39:29'),
(571, 36, 3, 132, 3, 3, NULL, NULL, '2025-10-28 00:49:22', '2025-10-28 00:49:22', '00:32:77'),
(572, 48, 3, 132, 3, 3, NULL, NULL, '2025-10-28 00:49:22', '2025-10-28 00:49:22', '00:32:33'),
(573, 21, 3, 133, 2, 3, NULL, NULL, '2025-10-28 01:01:38', '2025-10-28 01:01:38', '00:53:24'),
(574, 45, 4, 133, 2, 4, NULL, NULL, '2025-10-28 01:01:38', '2025-10-28 01:01:38', '00:28:31'),
(575, 57, 3, 133, 1, 3, NULL, NULL, '2025-10-28 01:01:38', '2025-10-28 01:01:38', '00:30:88'),
(576, 69, 5, 133, 2, 5, NULL, NULL, '2025-10-28 01:01:38', '2025-10-28 01:01:38', '00:26:34'),
(577, 9, 3, 134, 3, 3, NULL, NULL, '2025-10-28 01:16:52', '2025-10-28 01:16:52', '00:25:72'),
(578, 21, 4, 134, 2, 4, NULL, NULL, '2025-10-28 01:16:52', '2025-10-28 01:16:52', '00:42:44'),
(579, 27, 1, 134, 2, 1, NULL, NULL, '2025-10-28 01:16:52', '2025-10-28 01:16:52', '99:99:99'),
(580, 33, 2, 134, 4, 2, NULL, NULL, '2025-10-28 01:16:52', '2025-10-28 01:16:52', '00:42:09'),
(581, 45, 5, 134, 3, 5, NULL, NULL, '2025-10-28 01:16:52', '2025-10-28 01:16:52', '00:21:44'),
(582, 51, 3, 134, 3, 3, NULL, NULL, '2025-10-28 01:16:52', '2025-10-28 01:16:52', '00:46:06'),
(583, 57, 4, 134, 3, 4, NULL, NULL, '2025-10-28 01:16:52', '2025-10-28 01:16:52', '00:19:34'),
(584, 69, 6, 134, 3, 6, NULL, NULL, '2025-10-28 01:16:52', '2025-10-28 01:16:52', '00:19:05'),
(585, 9, 2, 135, 3, 2, NULL, NULL, '2025-10-28 01:25:34', '2025-10-28 01:25:34', '00:29:31'),
(586, 45, 4, 135, 4, 4, NULL, NULL, '2025-10-28 01:25:34', '2025-10-28 01:25:34', '00:24:90'),
(587, 63, 1, 135, 2, 1, NULL, NULL, '2025-10-28 01:25:34', '2025-10-28 01:25:34', '99:99:99'),
(588, 69, 5, 135, 3, 5, NULL, NULL, '2025-10-28 01:25:35', '2025-10-28 01:25:35', '00:24:62'),
(589, 3, 1, 136, 3, 1, NULL, NULL, '2025-10-28 01:40:36', '2025-10-28 01:40:36', '99:99:99'),
(590, 9, 2, 136, 4, 2, NULL, NULL, '2025-10-28 01:40:36', '2025-10-28 01:40:36', '00:28:83'),
(591, 21, 4, 136, 1, 4, NULL, NULL, '2025-10-28 01:40:36', '2025-10-28 01:40:36', '00:43:21'),
(592, 33, 2, 136, 3, 2, NULL, NULL, '2025-10-28 01:40:36', '2025-10-28 01:40:36', '00:45:34'),
(593, 45, 5, 136, 1, 5, NULL, NULL, '2025-10-28 01:40:36', '2025-10-28 01:40:36', '00:22:18'),
(594, 51, 3, 136, 1, 3, NULL, NULL, '2025-10-28 01:40:36', '2025-10-28 01:40:36', '00:48:55'),
(595, 57, 4, 136, 2, 4, NULL, NULL, '2025-10-28 01:40:36', '2025-10-28 01:40:36', '00:20:04'),
(596, 69, 6, 136, 2, 6, NULL, NULL, '2025-10-28 01:40:36', '2025-10-28 01:40:36', '00:20:23'),
(597, 4, 2, 137, 4, 2, NULL, NULL, '2025-10-28 01:48:02', '2025-10-28 01:48:02', '01:18:37'),
(598, 10, 4, 137, 4, 4, NULL, NULL, '2025-10-28 01:48:02', '2025-10-28 01:48:02', '00:17:53'),
(599, 16, 1, 137, 4, 1, NULL, NULL, '2025-10-28 01:48:02', '2025-10-28 01:48:02', '01:22:66'),
(600, 22, 4, 137, 4, 4, NULL, NULL, '2025-10-28 01:48:02', '2025-10-28 01:48:02', '00:36:80'),
(601, 28, 2, 137, 4, 2, NULL, NULL, '2025-10-28 01:48:02', '2025-10-28 01:48:02', '01:28:19'),
(602, 34, 2, 137, 1, 2, NULL, NULL, '2025-10-28 01:48:02', '2025-10-28 01:48:02', '00:39:81'),
(603, 40, 1, 137, 4, 1, NULL, NULL, '2025-10-28 01:48:02', '2025-10-28 01:48:02', '01:24:71'),
(604, 46, 5, 137, 4, 5, NULL, NULL, '2025-10-28 01:48:02', '2025-10-28 01:48:02', '00:18:98'),
(605, 52, 4, 137, 4, 4, NULL, NULL, '2025-10-28 01:48:02', '2025-10-28 01:48:02', '00:42:18'),
(606, 58, 3, 137, 4, 3, NULL, NULL, '2025-10-28 01:48:02', '2025-10-28 01:48:02', '00:17:76'),
(607, 64, 1, 137, 4, 1, NULL, NULL, '2025-10-28 01:48:02', '2025-10-28 01:48:02', '00:39:12'),
(608, 70, 5, 137, 4, 5, NULL, NULL, '2025-10-28 01:48:02', '2025-10-28 01:48:02', '00:15:90'),
(609, 9, 3, 138, 2, 3, NULL, NULL, '2025-10-28 01:59:41', '2025-10-28 01:59:41', '00:27:45'),
(610, 21, 3, 138, 4, 3, NULL, NULL, '2025-10-28 01:59:41', '2025-10-28 01:59:41', '00:45:32'),
(611, 27, 1, 138, 3, 1, NULL, NULL, '2025-10-28 01:59:41', '2025-10-28 01:59:41', '99:99:99'),
(612, 33, 2, 138, 2, 2, NULL, NULL, '2025-10-28 01:59:41', '2025-10-28 01:59:41', '00:48:68'),
(613, 45, 5, 138, 2, 5, NULL, NULL, '2025-10-28 01:59:41', '2025-10-28 01:59:41', '00:21:47'),
(614, 51, 3, 138, 2, 3, NULL, NULL, '2025-10-28 01:59:41', '2025-10-28 01:59:41', '00:47:15'),
(615, 57, 3, 138, 4, 3, NULL, NULL, '2025-10-28 01:59:41', '2025-10-28 01:59:41', '00:24:78'),
(616, 69, 6, 138, 1, 6, NULL, NULL, '2025-10-28 01:59:41', '2025-10-28 01:59:41', '00:20:47'),
(617, 59, 3, 41, 3, 3, NULL, NULL, '2025-10-28 02:29:12', '2025-10-28 02:29:12', '00:28:14'),
(618, 71, 6, 41, 2, 6, NULL, NULL, '2025-10-28 02:29:12', '2025-10-28 02:29:12', '00:28:09'),
(619, 5, 2, 139, 3, 2, NULL, NULL, '2025-10-28 02:33:28', '2025-10-28 02:33:28', '00:30:27'),
(620, 17, 2, 139, 4, 2, NULL, NULL, '2025-10-28 02:33:28', '2025-10-28 02:33:28', '00:52:34'),
(621, 41, 5, 139, 3, 5, NULL, NULL, '2025-10-28 02:33:28', '2025-10-28 02:33:28', '00:26:65'),
(622, 59, 3, 139, 4, 3, NULL, NULL, '2025-10-28 02:33:28', '2025-10-28 02:33:28', '00:21:23'),
(623, 71, 6, 139, 3, 6, NULL, NULL, '2025-10-28 02:33:28', '2025-10-28 02:33:28', '00:26:86'),
(624, 6, 4, 140, 4, 4, NULL, NULL, '2025-10-28 02:36:40', '2025-10-28 02:36:40', '00:31:59'),
(625, 18, 4, 140, 1, 4, NULL, NULL, '2025-10-28 02:36:40', '2025-10-28 02:36:40', '00:55:03'),
(626, 30, 2, 140, 3, 2, NULL, NULL, '2025-10-28 02:36:40', '2025-10-28 02:36:40', '00:57:01'),
(627, 42, 6, 140, 2, 6, NULL, NULL, '2025-10-28 02:36:40', '2025-10-28 02:36:40', '00:26:92'),
(628, 60, 6, 140, 3, 6, NULL, NULL, '2025-10-28 02:36:40', '2025-10-28 02:36:40', '00:23:11'),
(629, 66, 1, 140, 4, 1, NULL, NULL, '2025-10-28 02:36:40', '2025-10-28 02:36:40', '01:01:55'),
(630, 72, 7, 140, 1, 7, NULL, NULL, '2025-10-28 02:36:40', '2025-10-28 02:36:40', '00:23:92'),
(631, 41, 5, 141, 1, 5, NULL, NULL, '2025-10-28 02:38:46', '2025-10-28 02:38:46', '00:36:27'),
(632, 59, 3, 141, 1, 3, NULL, NULL, '2025-10-28 02:38:46', '2025-10-28 02:38:46', '00:32:10'),
(633, 71, 6, 141, 1, 6, NULL, NULL, '2025-10-28 02:38:46', '2025-10-28 02:38:46', '00:31:57'),
(634, 12, 2, 142, 4, 2, NULL, NULL, '2025-10-28 02:46:15', '2025-10-28 02:46:15', '00:34:11'),
(635, 24, 3, 142, 4, 3, NULL, NULL, '2025-10-28 02:46:15', '2025-10-28 02:46:15', '00:24:89'),
(636, 36, 3, 142, 4, 3, NULL, NULL, '2025-10-28 02:46:15', '2025-10-28 02:46:15', '00:23:09'),
(637, 48, 3, 142, 4, 3, NULL, NULL, '2025-10-28 02:46:15', '2025-10-28 02:46:15', '00:27:43'),
(638, 10, 3, 143, 2, 3, NULL, NULL, '2025-10-28 02:55:52', '2025-10-28 02:55:52', '00:30:04'),
(639, 46, 5, 143, 1, 5, NULL, NULL, '2025-10-28 02:55:52', '2025-10-28 02:55:52', '00:23:12'),
(640, 58, 3, 143, 2, 3, NULL, NULL, '2025-10-28 02:55:52', '2025-10-28 02:55:52', '00:20:46'),
(641, 70, 3, 143, 4, 3, NULL, NULL, '2025-10-28 02:55:52', '2025-10-28 02:55:52', '00:26:45'),
(642, 10, 3, 145, 1, 3, NULL, NULL, '2025-10-28 03:08:50', '2025-10-28 03:08:50', '00:31:24'),
(643, 22, 3, 145, 1, 3, NULL, NULL, '2025-10-28 03:08:50', '2025-10-28 03:08:50', '00:52:09'),
(644, 46, 5, 145, 2, 5, NULL, NULL, '2025-10-28 03:08:50', '2025-10-28 03:08:50', '00:22:43'),
(645, 52, 3, 145, 4, 3, NULL, NULL, '2025-10-28 03:08:50', '2025-10-28 03:08:50', '00:54:31'),
(646, 58, 3, 145, 1, 3, NULL, NULL, '2025-10-28 03:08:50', '2025-10-28 03:08:50', '00:20:96'),
(647, 70, 4, 145, 1, 4, NULL, NULL, '2025-10-28 03:08:50', '2025-10-28 03:08:50', '00:24:81'),
(648, 54, 2, 91, 4, 2, 1, NULL, NULL, NULL, '01.39.20'),
(649, 11, 1, 146, 1, 1, NULL, NULL, '2025-10-28 09:26:14', '2025-10-28 09:26:14', '00:36:87'),
(650, 23, 2, 146, 4, 2, NULL, NULL, '2025-10-28 09:26:14', '2025-10-28 09:26:14', '00:41:23'),
(651, 35, 1, 146, 4, 1, NULL, NULL, '2025-10-28 09:26:14', '2025-10-28 09:26:14', '00:34:17'),
(652, 47, 3, 146, 4, 3, NULL, NULL, '2025-10-28 09:26:14', '2025-10-28 09:26:14', '00:31:43'),
(653, 71, 4, 146, 3, 4, 0, NULL, NULL, NULL, '99:99:99'),
(654, 72, 6, 142, 3, 6, NULL, NULL, NULL, NULL, '00:27:43'),
(655, 72, 5, 132, 4, 5, NULL, NULL, NULL, NULL, '00:31:71'),
(656, 72, 5, 91, 2, 5, NULL, NULL, NULL, NULL, '00.46.10'),
(657, 71, 5, 90, 4, 5, NULL, NULL, NULL, NULL, '00:32:45'),
(658, 72, 4, 96, 1, 4, NULL, NULL, NULL, NULL, '99:99:99'),
(659, 71, 4, 99, 4, 4, NULL, NULL, NULL, NULL, '99:99:99'),
(660, 72, 4, 97, 2, 4, NULL, NULL, NULL, NULL, '99:99:99'),
(661, 72, 4, 98, 3, 4, NULL, NULL, NULL, NULL, '99:99:99'),
(662, 71, 5, 49, 1, 5, NULL, NULL, NULL, NULL, '99:99:99'),
(663, 72, 4, 58, 4, 4, NULL, NULL, NULL, NULL, '99:99:99'),
(664, 41, 4, 26, 2, 4, NULL, NULL, NULL, NULL, '99:99:99'),
(665, 42, 6, 142, 3, 6, NULL, NULL, NULL, NULL, '00:24:89'),
(666, 42, 5, 132, 1, 5, NULL, NULL, NULL, NULL, '00:34:17'),
(667, 41, 4, 90, 4, 4, NULL, NULL, NULL, NULL, '00:39:90'),
(668, 42, 3, 97, 2, 3, 0, NULL, NULL, NULL, '99:99:99'),
(669, 42, 3, 96, 3, 3, NULL, NULL, NULL, NULL, '99:99:99'),
(670, 42, 3, 98, 4, 3, NULL, NULL, NULL, NULL, '99:99:99'),
(671, 6, 4, 142, 2, 4, NULL, NULL, NULL, NULL, '00:34:11'),
(672, 6, 4, 91, 1, 4, NULL, NULL, NULL, NULL, '00:55:21'),
(673, 5, 2, 90, 2, 2, NULL, NULL, NULL, NULL, '00:47:59'),
(674, 6, 3, 96, 1, 3, NULL, NULL, NULL, NULL, '99:99:99'),
(675, 6, 3, 97, 2, 3, NULL, NULL, NULL, NULL, '99:99:99'),
(676, 6, 3, 98, 3, 3, NULL, NULL, NULL, NULL, '99:99:99'),
(677, 59, 3, 146, 2, 3, NULL, NULL, NULL, NULL, '00:31:18'),
(678, 60, 6, 142, 4, 6, NULL, NULL, NULL, NULL, '00:23:09'),
(679, 60, 5, 132, 4, 5, NULL, NULL, NULL, NULL, '00:25:37'),
(680, 60, 4, 91, 4, 4, NULL, NULL, NULL, NULL, '00:51:47'),
(681, 60, 3, 98, 4, 3, NULL, NULL, NULL, NULL, '99:99:99'),
(682, 60, 4, 96, 1, 4, NULL, NULL, NULL, NULL, '99:99:99'),
(683, 60, 4, 97, 2, 4, NULL, NULL, NULL, NULL, '99:99:99'),
(684, 9, 1, 147, 1, 1, NULL, NULL, '2025-10-29 03:03:17', '2025-10-29 03:03:17', '99:99:99'),
(685, 21, 2, 147, 1, 2, NULL, NULL, '2025-10-29 03:03:17', '2025-10-29 03:03:17', '99:99:99'),
(686, 69, 4, 147, 3, 4, NULL, NULL, '2025-10-29 03:03:17', '2025-10-29 03:03:17', '99:99:99'),
(687, 10, 2, 148, 4, 2, NULL, NULL, '2025-10-29 15:59:52', '2025-10-29 15:59:52', '99:99:99'),
(688, 22, 2, 148, 1, 2, NULL, NULL, '2025-10-29 15:59:52', '2025-10-29 15:59:52', '99:99:99'),
(689, 46, 3, 148, 3, 3, NULL, NULL, '2025-10-29 15:59:52', '2025-10-29 15:59:52', '99:99:99'),
(690, 52, 3, 148, 1, 3, NULL, NULL, '2025-10-29 15:59:52', '2025-10-29 15:59:52', '99:99:99'),
(691, 58, 1, 148, 4, 1, NULL, NULL, '2025-10-29 15:59:52', '2025-10-29 15:59:52', '99:99:99'),
(692, 70, 3, 148, 3, 3, NULL, NULL, '2025-10-29 15:59:52', '2025-10-29 15:59:52', '99:99:99'),
(693, 23, 2, 149, 2, 2, NULL, NULL, '2025-10-29 16:23:59', '2025-10-29 16:23:59', '99:99:99'),
(694, 47, 3, 149, 2, 3, NULL, NULL, '2025-10-29 16:23:59', '2025-10-29 16:23:59', '99:99:99'),
(695, 71, 5, 26, 2, 5, NULL, NULL, NULL, NULL, '99:99:99'),
(696, 30, 2, 37, 2, 2, NULL, NULL, '2025-10-29 18:35:54', '2025-10-29 18:35:54', '99:99:99'),
(697, 60, 4, 37, 3, 4, NULL, NULL, '2025-10-29 18:35:54', '2025-10-29 18:35:54', '99:99:99'),
(698, 49, 3, 39, 3, 3, NULL, NULL, '2025-10-29 21:44:50', '2025-10-29 21:44:50', '99:99:99'),
(699, 29, 1, 17, 1, 1, NULL, NULL, '2025-10-31 01:37:37', '2025-10-31 01:37:37', '99:99:99'),
(700, 14, 1, 21, 2, 1, NULL, NULL, '2025-10-31 01:39:38', '2025-10-31 01:39:38', '99:99:99'),
(701, 39, 1, 136, 2, 1, NULL, NULL, '2025-10-31 01:42:16', '2025-10-31 01:42:16', '99:99:99'),
(702, 29, 1, 41, 2, 1, NULL, NULL, '2025-10-31 01:44:14', '2025-10-31 01:44:14', '99:99:99'),
(703, 29, 1, 139, 3, 1, NULL, NULL, '2025-10-31 01:55:57', '2025-10-31 01:55:57', '99:99:99'),
(704, 65, 1, 139, 2, 1, NULL, NULL, '2025-10-31 01:55:57', '2025-10-31 01:55:57', '99:99:99'),
(705, 29, 1, 141, 4, 1, NULL, NULL, '2025-10-31 01:57:14', '2025-10-31 01:57:14', '99:99:99'),
(706, 39, 1, 110, 3, 1, NULL, NULL, '2025-10-31 01:59:55', '2025-10-31 01:59:55', '99:99:99'),
(707, 14, 1, 117, 3, 1, NULL, NULL, '2025-10-31 02:30:38', '2025-10-31 02:30:38', '99:99:99'),
(708, 38, 1, 117, 2, 1, NULL, NULL, '2025-10-31 02:32:13', '2025-10-31 02:32:13', '99:99:99'),
(712, 42, 4, 14, 1, 4, NULL, NULL, '2025-10-31 04:56:13', '2025-10-31 04:56:13', '99:99:99'),
(713, 54, 2, 14, 3, 2, 0, 'DQ', '2025-10-31 04:56:13', '2025-10-31 04:56:13', '99:99:99'),
(714, 72, 5, 14, 1, 5, NULL, NULL, '2025-10-31 04:56:13', '2025-10-31 04:56:13', '99:99:99'),
(716, 65, 1, 89, 3, 1, NULL, NULL, '2025-10-31 05:53:48', '2025-10-31 05:53:48', '99:99:99');

-- --------------------------------------------------------

--
-- Table structure for table `failed_jobs`
--

CREATE TABLE `failed_jobs` (
  `id` bigint UNSIGNED NOT NULL,
  `uuid` varchar(255) CHARACTER SET utf8mb4 COLLATE utf8mb4_unicode_ci NOT NULL,
  `connection` text CHARACTER SET utf8mb4 COLLATE utf8mb4_unicode_ci NOT NULL,
  `queue` text CHARACTER SET utf8mb4 COLLATE utf8mb4_unicode_ci NOT NULL,
  `payload` longtext CHARACTER SET utf8mb4 COLLATE utf8mb4_unicode_ci NOT NULL,
  `exception` longtext CHARACTER SET utf8mb4 COLLATE utf8mb4_unicode_ci NOT NULL,
  `failed_at` timestamp NOT NULL DEFAULT CURRENT_TIMESTAMP
) ENGINE=InnoDB DEFAULT CHARSET=utf8mb4 COLLATE=utf8mb4_unicode_ci;

-- --------------------------------------------------------

--
-- Table structure for table `jobs`
--

CREATE TABLE `jobs` (
  `id` bigint UNSIGNED NOT NULL,
  `queue` varchar(255) CHARACTER SET utf8mb4 COLLATE utf8mb4_unicode_ci NOT NULL,
  `payload` longtext CHARACTER SET utf8mb4 COLLATE utf8mb4_unicode_ci NOT NULL,
  `attempts` tinyint UNSIGNED NOT NULL,
  `reserved_at` int UNSIGNED DEFAULT NULL,
  `available_at` int UNSIGNED NOT NULL,
  `created_at` int UNSIGNED NOT NULL
) ENGINE=InnoDB DEFAULT CHARSET=utf8mb4 COLLATE=utf8mb4_unicode_ci;

-- --------------------------------------------------------

--
-- Table structure for table `job_batches`
--

CREATE TABLE `job_batches` (
  `id` varchar(255) CHARACTER SET utf8mb4 COLLATE utf8mb4_unicode_ci NOT NULL,
  `name` varchar(255) CHARACTER SET utf8mb4 COLLATE utf8mb4_unicode_ci NOT NULL,
  `total_jobs` int NOT NULL,
  `pending_jobs` int NOT NULL,
  `failed_jobs` int NOT NULL,
  `failed_job_ids` longtext CHARACTER SET utf8mb4 COLLATE utf8mb4_unicode_ci NOT NULL,
  `options` mediumtext CHARACTER SET utf8mb4 COLLATE utf8mb4_unicode_ci,
  `cancelled_at` int DEFAULT NULL,
  `created_at` int NOT NULL,
  `finished_at` int DEFAULT NULL
) ENGINE=InnoDB DEFAULT CHARSET=utf8mb4 COLLATE=utf8mb4_unicode_ci;

-- --------------------------------------------------------

--
-- Table structure for table `klub`
--

CREATE TABLE `klub` (
  `id` bigint UNSIGNED NOT NULL,
  `nama_klub` varchar(255) CHARACTER SET utf8mb4 COLLATE utf8mb4_unicode_ci NOT NULL,
  `total_harga` decimal(10,2) NOT NULL DEFAULT '0.00' COMMENT 'Total biaya yang dikeluarkan oleh klub',
  `alamat` varchar(255) CHARACTER SET utf8mb4 COLLATE utf8mb4_unicode_ci DEFAULT NULL,
  `kontak` varchar(255) CHARACTER SET utf8mb4 COLLATE utf8mb4_unicode_ci DEFAULT NULL,
  `created_at` timestamp NULL DEFAULT NULL,
  `updated_at` timestamp NULL DEFAULT NULL
) ENGINE=InnoDB DEFAULT CHARSET=utf8mb4 COLLATE=utf8mb4_unicode_ci;

--
-- Dumping data for table `klub`
--

INSERT INTO `klub` (`id`, `nama_klub`, `total_harga`, `alamat`, `kontak`, `created_at`, `updated_at`) VALUES
(1, 'umberan', '30000.00', 'sundeng', '082535', '2025-09-27 03:16:33', '2025-09-27 03:20:23'),
(2, 'AMJ AQUATIC MADIUN', '2430000.00', 'Madiun', '081335001273', '2025-10-23 19:14:07', '2025-10-31 04:56:13'),
(3, 'SD Negeri 2 Baleharjo', '150000.00', 'JL. Ahmad Yani No 45, BALEHARJO, Kec Pacitan. Kab.Pacitan', '087846357340', '2025-10-23 19:36:18', '2025-10-24 03:29:14'),
(4, 'SDN Watukarung', '120000.00', 'watukarung', '085230508695', '2025-10-24 05:24:09', '2025-10-31 01:37:38'),
(5, 'MMA', '330000.00', 'Ngadirojo', '0881027577570', '2025-10-24 06:10:50', '2025-10-25 14:51:19'),
(6, 'JAGUAR AKUATIK', '840000.00', 'Umberan', '08141409498', '2025-10-24 23:26:00', '2025-10-31 01:39:38'),
(7, 'Jaten SC', '1020000.00', 'jaten', '087758490101', '2025-10-25 00:49:42', '2025-10-27 14:45:28'),
(8, 'SD NEGERI 3 JERUK', '780000.00', 'JL. Raya Jeruk - Purwantoro Km. 01 Ds. Jeruk, Kec. Bandar, Kab. Pacitan', '12345678', '2025-10-25 15:31:52', '2025-10-25 15:49:37'),
(9, 'SD NEGERI 4 JERUK', '330000.00', 'DSN. JAMBU DESA JERUK KEC, BANDAR', '12345678', '2025-10-25 22:23:45', '2025-10-25 22:28:51'),
(10, 'SDN 1 Nawangan', '60000.00', 'Dusun Krajan, RT 02 RW 02, Desa Nawangan, Kecamatan Nawangan', '12345678', '2025-10-25 22:37:46', '2025-10-25 22:40:07'),
(11, 'SD IT AL BANNA', '270000.00', 'DESA JERUK KECAMATAN BANDAR', '12345678', '2025-10-25 22:55:42', '2025-10-29 18:35:54'),
(12, 'SMPN 1 Nawangan', '300000.00', 'Jl.Jenderal Sudirman No.03 Pakis Baru Nawangan Pacitan', '(0357)371038', '2025-10-25 23:22:00', '2025-10-29 21:44:50'),
(13, 'SD ALAM PACITAN', '510000.00', 'Jl Brawijaya Belakang Kodim 0801 Balong, Sidoharjo, Pacitan', '0357882492', '2025-10-25 23:46:55', '2025-10-31 01:44:14'),
(14, 'SDIIC PACITAN', '1350000.00', 'JL.SUMATERA NO.04 SIDOHARJO', '081938700015', '2025-10-26 00:13:13', '2025-10-31 01:42:16'),
(15, 'SDIT ALWAKIL', '210000.00', 'TULAKAN', '087758525971', '2025-10-26 00:49:13', '2025-10-26 01:00:35'),
(16, 'MIM BALEHARJO', '90000.00', 'Baleharjo', '087758525971', '2025-10-26 01:02:19', '2025-10-26 01:05:00'),
(17, 'JHENO SC', '1500000.00', 'Punung', '+6287758523789', '2025-10-26 01:11:44', '2025-10-26 06:18:00'),
(18, 'PUSPITA SC', '1020000.00', 'ngadirojo', '1234567', '2025-10-26 06:25:10', '2025-10-26 06:59:11'),
(19, 'SDN 2 NGROMO NAWANGAN', '210000.00', 'Rt 03/ RW 06, Dsn.Bulu, Ds.Ngromo, Kec.Nawangan', '087711555309', '2025-10-26 06:30:20', '2025-10-26 06:34:20'),
(20, 'SMPN 1 KEBONAGUNG', '60000.00', 'Rt 03/ RW 06, Dsn.Bulu, Ds.Ngromo, Kec.Nawangan', '087711555309', '2025-10-26 06:48:04', '2025-10-26 06:57:53'),
(21, 'SMPN 1 Ngadirojo', '360000.00', 'Ngadirojo', '12345678', '2025-10-26 07:10:08', '2025-10-26 07:17:18'),
(22, 'SMPIT Ar Rahma Pacitan', '270000.00', 'dusun jambu,Bangunsari,Pacitan', '082247461081', '2025-10-27 02:08:44', '2025-10-27 21:35:58'),
(23, 'Go Swim', '1950000.00', 'Jl. Basuki Rahmat No 31', '081230228116', '2025-10-27 02:14:42', '2025-10-31 05:53:48'),
(24, 'SMP NEGERI 1 PACITAN', '540000.00', 'Baleharjo', '12345678', '2025-10-27 02:17:36', '2025-10-27 22:09:23'),
(25, 'MIN 3 PACITAN', '390000.00', 'JL. WR. SUPRATMAN NO 18. SIDOHARJO PACITAN', '082333148300', '2025-10-27 02:30:38', '2025-10-27 02:44:16'),
(26, 'MTS Dinul Islam', '60000.00', 'RT.01/RW.01, Krajan Lor, Dersono, Kec. Pringkuku, Kabupaten Pacitan,', '12345678', '2025-10-27 02:55:47', '2025-10-27 02:58:48'),
(27, 'MIPK INSAN MADANI PAKISBARU', '270000.00', 'PAKISBARU KEC. NAWANGAN', '085334347774', '2025-10-27 03:05:16', '2025-10-27 03:09:36'),
(28, 'SDN 1 Katipugal', '330000.00', 'Dusun Krajan, Desa Katipugal, Kecamatan Kebonagung, Kabupaten Pacitan', '12345678', '2025-10-27 03:21:41', '2025-10-31 01:59:55'),
(29, 'SDN 1 GUNUNGSARI', '150000.00', 'Desa Gunungsari, Kecamatan Arjosari, Kabupaten Pacitan', '12345678', '2025-10-27 03:33:45', '2025-10-27 03:36:55'),
(30, 'MI AL HUDA PLOSO', '630000.00', 'Jl. KH. Wakhid Hasyim No. 66', '082228363684', '2025-10-27 13:55:13', '2025-10-27 23:26:51'),
(31, 'Mts N 1 Pacitan', '330000.00', 'Jl. H Samanhudi 15 Pacitan', '0357881303', '2025-10-27 15:14:23', '2025-10-31 02:32:13'),
(32, 'SD Negeri Sidoharjo Pacitan', '150000.00', 'Jl. Dewi Sartika No. 1 Pacitan', '087758553999', '2025-10-27 16:29:11', '2025-10-27 20:07:08'),
(33, 'SD INTEGRAL HAJAR ASWAD', '150000.00', 'JL. MAYJEND SUNGKONO BALONG NO 1 POJOK SIDOHARJO', '0831 1510 1919', '2025-10-27 20:13:56', '2025-10-28 01:25:35'),
(34, 'SD NEGERI MENADI', '240000.00', 'Jln. Grindulu No.43 Pacitan', '12345678', '2025-10-27 20:21:06', '2025-10-28 00:18:51'),
(35, 'SMPN 4 PACITAN', '210000.00', 'PACITAN', '085234051239', '2025-10-27 21:38:07', '2025-10-27 21:46:16'),
(36, 'SDN PACITAN', '510000.00', 'Jl. Brigjend Katamso No.17, Gantung, Pacitan, Kec. Pacitan, Kabupaten Pacitan', '12345678', '2025-10-27 22:22:59', '2025-10-28 09:26:14'),
(37, 'SDIT AR RAHMAH', '720000.00', 'Jl. Masjid Ar. Rahman No.17, Ngemplak, Sirnoboyo, Kec. Pacitan, Kabupaten Pacitan', '12345678', '2025-10-28 00:27:37', '2025-10-29 15:59:52'),
(38, 'SDN Bangunsari', '360000.00', 'Jl. Kom. Yos Sudarso No.41, Betulo, Bangunsari, Kec. Pacitan', '12345678', '2025-10-28 00:53:05', '2025-10-28 01:16:52'),
(39, 'SDN BALEHARJO', '480000.00', 'Jl. Jend. A. Yani No.43, Krajan, Pacitan, Kec. Pacitan', '12345678', '2025-10-28 01:52:53', '2025-10-31 01:57:14'),
(40, 'SDN Ploso Pacitan', '420000.00', 'Ploso, Pacitan', '12345678', '2025-10-28 02:23:35', '2025-10-31 01:55:57'),
(41, 'SDN Jatimalang', '120000.00', 'Jatimalang, Kec. Arjosari, Kab. Pacitan', '12345678', '2025-10-28 02:38:52', '2025-10-28 02:55:52'),
(42, 'MI GUPPI JATIMALANG', '180000.00', 'Dusun Purwodadi, Desa Jatimalang, Kecamatan Arjosari, Kabupaten Pacitan', '12345678', '2025-10-28 02:58:10', '2025-10-28 03:08:50'),
(43, 'RA Guppy Sidoharjo', '60000.00', 'Jl.Letjend Suprapto No. 45, Kelurahan Sidoharjo, Kecamatan Pacitan, Kabupaten Pacitan, Jawa Timur', '082313996269', '2025-10-29 16:15:50', '2025-10-29 16:23:59');

-- --------------------------------------------------------

--
-- Table structure for table `kompetisi`
--

CREATE TABLE `kompetisi` (
  `id` bigint UNSIGNED NOT NULL,
  `nama_kompetisi` varchar(255) CHARACTER SET utf8mb4 COLLATE utf8mb4_unicode_ci NOT NULL,
  `tgl_mulai` date NOT NULL,
  `tgl_selesai` date NOT NULL,
  `lokasi` varchar(255) CHARACTER SET utf8mb4 COLLATE utf8mb4_unicode_ci NOT NULL,
  `created_at` timestamp NULL DEFAULT NULL,
  `updated_at` timestamp NULL DEFAULT NULL,
  `harga_bundling` decimal(10,2) DEFAULT NULL,
  `syarat_bundling` int DEFAULT NULL
) ENGINE=InnoDB DEFAULT CHARSET=utf8mb4 COLLATE=utf8mb4_unicode_ci;

--
-- Dumping data for table `kompetisi`
--

INSERT INTO `kompetisi` (`id`, `nama_kompetisi`, `tgl_mulai`, `tgl_selesai`, `lokasi`, `created_at`, `updated_at`, `harga_bundling`, `syarat_bundling`) VALUES
(3, 'JAGUAR CUP', '2025-11-01', '2025-11-02', 'Umberan', NULL, NULL, NULL, NULL);

-- --------------------------------------------------------

--
-- Table structure for table `lomba`
--

CREATE TABLE `lomba` (
  `id` bigint UNSIGNED NOT NULL,
  `kompetisi_id` bigint UNSIGNED NOT NULL,
  `jarak` int NOT NULL,
  `jenis_gaya` varchar(255) CHARACTER SET utf8mb4 COLLATE utf8mb4_unicode_ci NOT NULL,
  `jumlah_lintasan` int NOT NULL,
  `nomor_lomba` int DEFAULT NULL,
  `tahun_lahir_minimal` varchar(255) CHARACTER SET utf8mb4 COLLATE utf8mb4_unicode_ci NOT NULL,
  `tahun_lahir_maksimal` varchar(255) CHARACTER SET utf8mb4 COLLATE utf8mb4_unicode_ci NOT NULL,
  `jk` varchar(255) CHARACTER SET utf8mb4 COLLATE utf8mb4_unicode_ci NOT NULL,
  `harga` decimal(10,2) NOT NULL,
  `created_at` timestamp NULL DEFAULT NULL,
  `updated_at` timestamp NULL DEFAULT NULL
) ENGINE=InnoDB DEFAULT CHARSET=utf8mb4 COLLATE=utf8mb4_unicode_ci;

--
-- Dumping data for table `lomba`
--

INSERT INTO `lomba` (`id`, `kompetisi_id`, `jarak`, `jenis_gaya`, `jumlah_lintasan`, `nomor_lomba`, `tahun_lahir_minimal`, `tahun_lahir_maksimal`, `jk`, `harga`, `created_at`, `updated_at`) VALUES
(1, 3, 100, 'Bebas', 4, 1, '2012', '2013', 'L', '30000.00', NULL, NULL),
(2, 3, 100, 'Bebas', 4, 2, '2012', '2013', 'P', '30000.00', NULL, NULL),
(3, 3, 100, 'Bebas', 4, 3, '2014', '2015', 'L', '30000.00', NULL, NULL),
(4, 3, 100, 'Bebas', 4, 4, '2014', '2015', 'P', '30000.00', NULL, NULL),
(5, 3, 25, 'Kupu', 4, 5, '2016', '2017', 'L', '30000.00', NULL, NULL),
(6, 3, 25, 'Kupu', 4, 6, '2016', '2017', 'P', '30000.00', NULL, NULL),
(7, 3, 25, 'Kupu', 4, 7, '2012', '2013', 'L', '30000.00', NULL, NULL),
(8, 3, 25, 'Kupu', 4, 8, '2012', '2013', 'P', '30000.00', NULL, NULL),
(9, 3, 25, 'Kupu', 4, 9, '2014', '2015', 'L', '30000.00', NULL, NULL),
(10, 3, 25, 'Kupu', 4, 10, '2014', '2015', 'P', '30000.00', NULL, NULL),
(11, 3, 25, 'Kupu', 4, 11, '2018', '2023', 'L', '30000.00', NULL, NULL),
(12, 3, 25, 'Kupu', 4, 12, '2018', '2023', 'P', '30000.00', NULL, NULL),
(13, 3, 100, 'Punggung', 4, 13, '2012', '2013', 'L', '30000.00', NULL, NULL),
(14, 3, 100, 'Punggung', 4, 14, '2012', '2013', 'P', '30000.00', NULL, NULL),
(15, 3, 100, 'Punggung', 4, 15, '2014', '2015', 'L', '30000.00', NULL, NULL),
(16, 3, 100, 'Punggung', 4, 16, '2014', '2015', 'P', '30000.00', NULL, NULL),
(17, 3, 50, 'Bebas', 4, 17, '2016', '2017', 'L', '30000.00', NULL, NULL),
(18, 3, 50, 'Bebas', 4, 18, '2016', '2017', 'P', '30000.00', NULL, NULL),
(19, 3, 50, 'Bebas', 4, 19, '2012', '2013', 'L', '30000.00', NULL, NULL),
(20, 3, 50, 'Bebas', 4, 20, '2012', '2013', 'P', '30000.00', NULL, NULL),
(21, 3, 50, 'Bebas', 4, 21, '2014', '2015', 'L', '30000.00', NULL, NULL),
(22, 3, 50, 'Bebas', 4, 22, '2014', '2015', 'P', '30000.00', NULL, NULL),
(23, 3, 25, 'Dada', 4, 23, '2018', '2023', 'L', '30000.00', NULL, NULL),
(24, 3, 25, 'Dada', 4, 24, '2018', '2023', 'P', '30000.00', NULL, NULL),
(25, 3, 100, 'Dada', 4, 25, '2012', '2013', 'L', '30000.00', NULL, NULL),
(26, 3, 100, 'Dada', 4, 26, '2012', '2013', 'P', '30000.00', NULL, NULL),
(27, 3, 100, 'Dada', 4, 27, '2014', '2015', 'L', '30000.00', NULL, NULL),
(28, 3, 100, 'Dada', 4, 28, '2014', '2015', 'P', '30000.00', NULL, NULL),
(29, 3, 50, 'Punggung', 4, 29, '2016', '2017', 'L', '30000.00', NULL, NULL),
(30, 3, 50, 'Punggung', 4, 30, '2016', '2017', 'P', '30000.00', NULL, NULL),
(31, 3, 50, 'Punggung', 4, 31, '2012', '2013', 'L', '30000.00', NULL, NULL),
(32, 3, 50, 'Punggung', 4, 32, '2012', '2013', 'P', '30000.00', NULL, NULL),
(33, 3, 50, 'Punggung', 4, 33, '2014', '2015', 'L', '30000.00', NULL, NULL),
(34, 3, 50, 'Punggung', 4, 34, '2014', '2015', 'P', '30000.00', NULL, NULL),
(35, 3, 25, 'Punggung', 4, 35, '2018', '2023', 'L', '30000.00', NULL, NULL),
(36, 3, 25, 'Punggung', 4, 36, '2018', '2023', 'P', '30000.00', NULL, NULL),
(37, 3, 100, 'Kupu', 4, 37, '2012', '2013', 'L', '30000.00', NULL, NULL),
(38, 3, 100, 'Kupu', 4, 38, '2012', '2013', 'P', '30000.00', NULL, NULL),
(39, 3, 100, 'Kupu', 4, 39, '2014', '2015', 'L', '30000.00', NULL, NULL),
(40, 3, 100, 'Kupu', 4, 40, '2014', '2015', 'P', '30000.00', NULL, NULL),
(41, 3, 25, 'Dada', 4, 41, '2016', '2017', 'L', '30000.00', NULL, NULL),
(42, 3, 25, 'Dada', 4, 42, '2016', '2017', 'P', '30000.00', NULL, NULL),
(43, 3, 25, 'Dada', 4, 43, '2012', '2013', 'L', '30000.00', NULL, NULL),
(44, 3, 25, 'Dada', 4, 44, '2012', '2013', 'P', '30000.00', NULL, NULL),
(45, 3, 25, 'Dada', 4, 45, '2014', '2015', 'L', '30000.00', NULL, NULL),
(46, 3, 25, 'Dada', 4, 46, '2014', '2015', 'P', '30000.00', NULL, NULL),
(47, 3, 25, 'Bebas', 4, 47, '2018', '2023', 'L', '30000.00', NULL, NULL),
(48, 3, 25, 'Bebas', 4, 48, '2018', '2023', 'P', '30000.00', NULL, NULL),
(49, 3, 50, 'Dada', 4, 49, '2012', '2013', 'L', '30000.00', NULL, NULL),
(50, 3, 50, 'Dada', 4, 50, '2012', '2013', 'P', '30000.00', NULL, NULL),
(51, 3, 50, 'Dada', 4, 51, '2014', '2015', 'L', '30000.00', NULL, NULL),
(52, 3, 50, 'Dada', 4, 52, '2014', '2015', 'P', '30000.00', NULL, NULL),
(53, 3, 50, 'Dada', 4, 53, '2016', '2017', 'L', '30000.00', NULL, NULL),
(54, 3, 50, 'Dada', 4, 54, '2016', '2017', 'P', '30000.00', NULL, NULL),
(55, 3, 25, 'Punggung', 4, 55, '2012', '2013', 'L', '30000.00', NULL, NULL),
(56, 3, 25, 'Punggung', 4, 56, '2012', '2013', 'P', '30000.00', NULL, NULL),
(57, 3, 25, 'Punggung', 4, 57, '2014', '2015', 'L', '30000.00', NULL, NULL),
(58, 3, 25, 'Punggung', 4, 58, '2014', '2015', 'P', '30000.00', NULL, NULL),
(59, 3, 25, 'Punggung', 4, 59, '2016', '2017', 'L', '30000.00', NULL, NULL),
(60, 3, 25, 'Punggung', 4, 60, '2016', '2017', 'P', '30000.00', NULL, NULL),
(61, 3, 50, 'Kupu', 4, 61, '2012', '2013', 'L', '30000.00', NULL, NULL),
(62, 3, 50, 'Kupu', 4, 62, '2012', '2013', 'P', '30000.00', NULL, NULL),
(63, 3, 50, 'Kupu', 4, 63, '2014', '2015', 'L', '30000.00', NULL, NULL),
(64, 3, 50, 'Kupu', 4, 64, '2014', '2015', 'P', '30000.00', NULL, NULL),
(65, 3, 50, 'Kupu', 4, 65, '2016', '2017', 'L', '30000.00', NULL, NULL),
(66, 3, 50, 'Kupu', 4, 66, '2016', '2017', 'P', '30000.00', NULL, NULL),
(67, 3, 25, 'Bebas', 4, 67, '2012', '2013', 'L', '30000.00', NULL, NULL),
(68, 3, 25, 'Bebas', 4, 68, '2012', '2013', 'P', '30000.00', NULL, NULL),
(69, 3, 25, 'Bebas', 4, 69, '2014', '2015', 'L', '30000.00', NULL, NULL),
(70, 3, 25, 'Bebas', 4, 70, '2014', '2015', 'P', '30000.00', NULL, NULL),
(71, 3, 25, 'Bebas', 4, 71, '2016', '2017', 'L', '30000.00', NULL, NULL),
(72, 3, 25, 'Bebas', 4, 72, '2016', '2017', 'P', '30000.00', NULL, NULL);

-- --------------------------------------------------------

--
-- Table structure for table `migrations`
--

CREATE TABLE `migrations` (
  `id` int UNSIGNED NOT NULL,
  `migration` varchar(255) CHARACTER SET utf8mb4 COLLATE utf8mb4_unicode_ci NOT NULL,
  `batch` int NOT NULL
) ENGINE=InnoDB DEFAULT CHARSET=utf8mb4 COLLATE=utf8mb4_unicode_ci;

--
-- Dumping data for table `migrations`
--

INSERT INTO `migrations` (`id`, `migration`, `batch`) VALUES
(1, '0001_01_01_000000_create_users_table', 1),
(2, '0001_01_01_000001_create_cache_table', 1),
(3, '0001_01_01_000002_create_jobs_table', 1),
(4, '2025_03_19_025328_create_kompetisi_table', 1),
(5, '2025_03_19_025418_create_lomba_table', 1),
(6, '2025_03_19_025623_create_peserta_table', 1),
(7, '2025_03_19_031231_create_detail_lomba_table', 1),
(8, '2025_04_12_130550_create_klub_table', 1),
(9, '2025_04_12_131124_add_klub_id_to_users_table', 1),
(10, '2025_04_13_032755_add_klub_id_to_peserta_table', 1),
(11, '2025_04_23_051634_create_wasit_table', 1),
(12, '2025_08_21_045614_add_bundlefunc_to_kompetisi_table', 1);

-- --------------------------------------------------------

--
-- Table structure for table `password_reset_tokens`
--

CREATE TABLE `password_reset_tokens` (
  `email` varchar(255) CHARACTER SET utf8mb4 COLLATE utf8mb4_unicode_ci NOT NULL,
  `token` varchar(255) CHARACTER SET utf8mb4 COLLATE utf8mb4_unicode_ci NOT NULL,
  `created_at` timestamp NULL DEFAULT NULL
) ENGINE=InnoDB DEFAULT CHARSET=utf8mb4 COLLATE=utf8mb4_unicode_ci;

-- --------------------------------------------------------

--
-- Table structure for table `peserta`
--

CREATE TABLE `peserta` (
  `id` bigint UNSIGNED NOT NULL,
  `klub_id` bigint UNSIGNED DEFAULT NULL,
  `nama_peserta` varchar(255) CHARACTER SET utf8mb4 COLLATE utf8mb4_unicode_ci NOT NULL,
  `jenis_kelamin` enum('L','P') CHARACTER SET utf8mb4 COLLATE utf8mb4_unicode_ci NOT NULL,
  `tgl_lahir` date NOT NULL,
  `asal_klub` varchar(255) CHARACTER SET utf8mb4 COLLATE utf8mb4_unicode_ci NOT NULL,
  `lomba_id` bigint UNSIGNED DEFAULT NULL,
  `created_at` timestamp NULL DEFAULT NULL,
  `updated_at` timestamp NULL DEFAULT NULL
) ENGINE=InnoDB DEFAULT CHARSET=utf8mb4 COLLATE=utf8mb4_unicode_ci;

--
-- Dumping data for table `peserta`
--

INSERT INTO `peserta` (`id`, `klub_id`, `nama_peserta`, `jenis_kelamin`, `tgl_lahir`, `asal_klub`, `lomba_id`, `created_at`, `updated_at`) VALUES
(1, 1, 'venus', 'L', '2011-10-10', 'umberan', NULL, NULL, NULL),
(2, 2, 'Rahma Aulya Putri', 'P', '2012-05-09', 'AMJ AQUATIC MADIUN', NULL, NULL, NULL),
(3, 2, 'Raider Laksamana Pamungkas', 'L', '2013-08-31', 'AMJ AQUATIC MADIUN', NULL, NULL, NULL),
(4, 2, 'Eka Depri Naufal Alvaro', 'L', '2013-09-21', 'AMJ AQUATIC MADIUN', NULL, NULL, NULL),
(5, 2, 'Yastin Thufailah Rachma Sakinah', 'P', '2013-06-20', 'AMJ AQUATIC MADIUN', NULL, NULL, NULL),
(6, 2, 'Zydan Nagasya Syaputra', 'L', '2013-01-13', 'AMJ AQUATIC MADIUN', NULL, NULL, NULL),
(7, 2, 'Rara Falita Ardani', 'P', '2014-04-03', 'AMJ AQUATIC MADIUN', NULL, NULL, NULL),
(8, 2, 'Allysa Febriekyu S', 'P', '2016-02-17', 'AMJ AQUATIC MADIUN', NULL, NULL, NULL),
(9, 2, 'Hamizan Alrafaeza RSK', 'L', '2016-11-02', 'AMJ AQUATIC MADIUN', NULL, NULL, NULL),
(10, 2, 'Aqila Kayshila Rustam', 'P', '2016-10-28', 'AMJ AQUATIC MADIUN', NULL, NULL, NULL),
(11, 2, 'Jerolin Ardhya Garini Putri Mahanani', 'P', '2017-01-14', 'AMJ AQUATIC MADIUN', NULL, NULL, NULL),
(12, 2, 'Kayla Carrisa Aurelia', 'P', '2013-04-01', 'AMJ AQUATIC MADIUN', NULL, NULL, NULL),
(13, 2, 'Evrenoura Almahyra', 'P', '2018-07-18', 'AMJ AQUATIC MADIUN', NULL, NULL, NULL),
(14, 2, 'Fajar Dhinar Cipta Prawira Dirja', 'P', '2016-11-16', 'AMJ AQUATIC MADIUN', NULL, NULL, NULL),
(15, 2, 'Muhammad Arsy Dzulqarnain Irwanto', 'L', '2018-02-01', 'AMJ AQUATIC MADIUN', NULL, NULL, NULL),
(16, 3, 'Raditya Naufal Ramandika', 'L', '2013-04-09', 'SD Negeri 2 Baleharjo', NULL, NULL, NULL),
(17, 4, 'Izzhi Maulana', 'L', '2016-05-19', 'SDN Watukarung', NULL, NULL, NULL),
(18, 5, 'Abdulloh Muhammad Alfatih', 'L', '2016-02-09', 'MMA', NULL, NULL, NULL),
(19, 5, 'Kenzie Kayana Aldiano', 'L', '2013-07-07', 'MMA', NULL, NULL, NULL),
(20, 5, 'Alya Naura Syakila', 'P', '2014-01-28', 'MMA', NULL, NULL, NULL),
(21, 6, 'Keona Jihadda de Mooij', 'P', '2013-08-03', 'JAGUAR AKUATIK', NULL, NULL, NULL),
(22, 6, 'Zio Ataya Ariassafa', 'L', '2014-10-09', 'JAGUAR AKUATIK', NULL, NULL, NULL),
(23, 6, 'Evan Villanova Kurniawan', 'L', '2014-03-09', 'JAGUAR AKUATIK', NULL, NULL, NULL),
(24, 6, 'Abyan Putra Alvaro', 'L', '2016-07-01', 'JAGUAR AKUATIK', NULL, NULL, NULL),
(25, 6, 'Muhammad Raffi Zailindra', 'L', '2017-06-16', 'JAGUAR AKUATIK', NULL, NULL, NULL),
(26, 6, 'El Bhara Bisma Ariassafa', 'L', '2019-11-17', 'JAGUAR AKUATIK', NULL, NULL, NULL),
(27, 6, 'Bamakerti Sakha Prawibowo', 'L', '2019-07-31', 'JAGUAR AKUATIK', NULL, NULL, NULL),
(28, 5, 'ABIYYU ALIF RAMADHAN', 'L', '2015-07-14', 'MMA', NULL, NULL, NULL),
(29, 8, 'ABERCIO ALFAREZEL ANASTA', 'L', '2018-08-03', 'SD NEGERI 3 JERUK', NULL, NULL, NULL),
(30, 8, 'LANGIT ARKANDHIYA UTAMA', 'L', '2016-10-29', 'SD NEGERI 3 JERUK', NULL, NULL, NULL),
(31, 8, 'ANEXA INDHIRA SULAIMAN', 'P', '2016-07-21', 'SD NEGERI 3 JERUK', NULL, NULL, NULL),
(32, 8, 'VEERONICA KEYZO ALFHATIERO SHANTICA', 'P', '2015-10-05', 'SD NEGERI 3 JERUK', NULL, NULL, NULL),
(33, 9, 'ABBY MEYVANO HERMAWAN', 'L', '2014-05-03', 'SD NEGERI 4 JERUK', NULL, NULL, NULL),
(34, 9, 'ADINDA ZAKIYYA NADAA', 'P', '2018-11-19', 'SD NEGERI 4 JERUK', NULL, NULL, NULL),
(35, 9, 'NADAA SHAKILA ATMARINI', 'P', '2016-10-27', 'SD NEGERI 4 JERUK', NULL, NULL, NULL),
(36, 10, 'Nafhan Attandra Setyoko', 'L', '2014-03-04', 'SDN 1 Nawangan', NULL, NULL, NULL),
(37, 11, 'NAYYARA HARI PUTRI', 'P', '2016-05-12', 'SD IT AL BANNA', NULL, NULL, NULL),
(38, 11, 'ARSHIAN HARI PUTRI', 'P', '2018-03-28', 'SD IT AL BANNA', NULL, NULL, NULL),
(39, 12, 'BINTANG RAMADHAN', 'L', '2012-08-12', 'SMPN 1 Nawangan', NULL, NULL, NULL),
(40, 13, 'MAKOA JIHADDA DE MOOIJ', 'L', '2016-08-02', 'SD ALAM PACITAN', NULL, NULL, NULL),
(41, 13, 'ALEXANDER KUSUMA ARDHANA', 'L', '2016-02-28', 'SD ALAM PACITAN', NULL, NULL, NULL),
(42, 13, 'Muhammad Nazkirul Asrofi', 'L', '2015-09-13', 'SD ALAM PACITAN', NULL, NULL, NULL),
(43, 14, 'RAJENDRA RANGGA YUWANA', 'L', '2013-12-28', 'SDIIC PACITAN', NULL, NULL, NULL),
(44, 14, 'RAYADISA PRAMESTA YUWANA', 'P', '2015-11-30', 'SDIIC PACITAN', NULL, NULL, NULL),
(45, 14, 'SABRILLA KIANI', 'P', '2017-08-20', 'SDIIC PACITAN', NULL, NULL, NULL),
(46, 15, 'KHAYAZI QOWWIYAN SAKQY', 'L', '2015-04-20', 'SDIT ALWAKIL', NULL, NULL, NULL),
(47, 15, 'ABRAHAM ALGHAZALI ATMADJA', 'L', '2013-06-05', 'SDIT ALWAKIL', NULL, NULL, NULL),
(48, 16, 'LUCKY ACHMAD ARRAFI', 'L', '2015-09-18', 'MIM BALEHARJO', NULL, NULL, NULL),
(49, 17, 'Muhammad Kevin Alvaro', 'L', '2018-08-22', 'JHENO SC', NULL, NULL, NULL),
(50, 17, 'Nada Fajria Chalysta', 'P', '2014-11-07', 'JHENO SC', NULL, NULL, NULL),
(51, 17, 'Qiara Febishafira', 'P', '2017-02-09', 'JHENO SC', NULL, NULL, NULL),
(52, 17, 'Rafka Ristian Wardana', 'L', '2013-12-15', 'JHENO SC', NULL, NULL, NULL),
(54, 17, 'Anezka Findita Fashakila', 'P', '2014-10-24', 'JHENO SC', NULL, NULL, NULL),
(55, 17, 'Adara Putri Naura', 'P', '2015-07-02', 'JHENO SC', NULL, NULL, NULL),
(56, 17, 'Aruna Sachi Nirwasita', 'P', '2012-11-07', 'JHENO SC', NULL, NULL, NULL),
(57, 17, 'Bening Abdillah Nalani', 'P', '2012-04-05', 'JHENO SC', NULL, NULL, NULL),
(58, 17, 'Aqila Nadhira Maryam', 'P', '2019-01-09', 'JHENO SC', NULL, NULL, NULL),
(59, 17, 'Azrina Gazala Falihah', 'P', '2017-09-20', 'JHENO SC', NULL, NULL, NULL),
(60, 17, 'Zidane Hafizh Surya Putra', 'L', '2016-05-31', 'JHENO SC', NULL, NULL, NULL),
(61, 17, 'Adelio danish adhi firmansyah', 'L', '2013-01-07', 'JHENO SC', NULL, NULL, NULL),
(62, 17, 'Agfan Gabriel Fernandhez', 'L', '2016-04-06', 'JHENO SC', NULL, NULL, NULL),
(63, 18, 'FULVIAN NAUVALL KHUSAIRI', 'L', '2015-06-17', 'PUSPITA SC', NULL, NULL, NULL),
(64, 18, 'SAFRINAH ALL AULIA', 'P', '2014-07-15', 'PUSPITA SC', NULL, NULL, NULL),
(65, 19, 'KHAYRA ALISHA KINARIAN', 'P', '2016-12-24', 'SDN 2 NGROMO NAWANGAN', NULL, NULL, NULL),
(66, 18, 'ANAK GANANG BAGUS PRIYAMBODO', 'L', '2015-08-29', 'PUSPITA SC', NULL, NULL, NULL),
(67, 18, 'KEYLA RAMADHANI', 'P', '2014-07-09', 'PUSPITA SC', NULL, NULL, NULL),
(68, 18, 'CHAYRA AQILATUNISA', 'P', '2015-07-18', 'PUSPITA SC', NULL, NULL, NULL),
(69, 18, 'ASHRAF DZAKI PRASETYO', 'L', '2014-12-14', 'PUSPITA SC', NULL, NULL, NULL),
(70, 18, 'ADIMULYO RAMADANI', 'L', '2015-07-01', 'PUSPITA SC', NULL, NULL, NULL),
(71, 18, 'ANDROMEDA OKY ZELINO', 'L', '2016-10-15', 'PUSPITA SC', NULL, NULL, NULL),
(72, 18, 'RABIA ALENA NISHA', 'P', '2014-11-17', 'PUSPITA SC', NULL, NULL, NULL),
(73, 18, 'RIVANO BERYL PRAMUDITA', 'L', '2017-08-05', 'PUSPITA SC', NULL, NULL, NULL),
(74, 18, 'RAHADIAN MUHAMMAD RAZIDELANO', 'L', '2014-01-14', 'PUSPITA SC', NULL, NULL, NULL),
(75, 18, 'MAYSHA CELMIRA AHMAD', 'P', '2015-11-20', 'PUSPITA SC', NULL, NULL, NULL),
(76, 18, 'HANINDYA BRIPKA DEFARA', 'P', '2016-09-20', 'PUSPITA SC', NULL, NULL, NULL),
(77, 18, 'ZAIDAN AKBAR AL GHIFARI', 'L', '2015-09-02', 'PUSPITA SC', NULL, NULL, NULL),
(78, 18, 'WISNU ARDIAN DININGRAT', 'L', '2014-10-08', 'PUSPITA SC', NULL, NULL, NULL),
(79, 20, 'Bintang Annora Putri', 'P', '2013-01-05', 'SMPN 1 KEBONAGUNG', NULL, NULL, NULL),
(80, 21, 'Anindya Wilda Kirana', 'P', '2012-11-17', 'SMPN 1 Ngadirojo', NULL, NULL, NULL),
(81, 21, 'Salwa Alvinrania Cahya', 'P', '2012-04-06', 'SMPN 1 Ngadirojo', NULL, NULL, NULL),
(82, 21, 'Hasya Rusyda', 'P', '2012-04-27', 'SMPN 1 Ngadirojo', NULL, NULL, NULL),
(83, 21, 'Zevanya Sherenadita Anindya Tiffanza', 'P', '2013-09-14', 'SMPN 1 Ngadirojo', NULL, NULL, NULL),
(84, 22, 'Farhan Nashiruddin', 'L', '2012-04-20', 'SMPIT Ar Rahma Pacitan', NULL, NULL, NULL),
(85, 23, 'Zeco Ar Rendra Octavian', 'L', '2015-10-15', 'Go Swim', NULL, NULL, NULL),
(86, 24, 'CHERRY ALESHA PRASETYO', 'P', '2012-08-20', 'SMP NEGERI 1 PACITAN', NULL, NULL, NULL),
(87, 23, 'Azizah Cahaya Salsabila', 'P', '2016-06-10', 'Go Swim', NULL, NULL, NULL),
(88, 23, 'Fariza Nabila Aziz', 'P', '2017-08-31', 'Go Swim', NULL, NULL, NULL),
(89, 23, 'Abiy Abdullah Muhammad', 'L', '2017-09-06', 'Go Swim', NULL, NULL, NULL),
(90, 23, 'Zakhy Fabio Ar Maedha', 'L', '2018-02-10', 'Go Swim', NULL, NULL, NULL),
(91, 23, 'Annisa Maulida Megantara', 'P', '2018-11-19', 'Go Swim', NULL, NULL, NULL),
(92, 23, 'Inara Arsylia', 'P', '2015-09-23', 'Go Swim', NULL, NULL, NULL),
(93, 23, 'Sahel Adhyasta Siswono', 'L', '2016-05-14', 'Go Swim', NULL, NULL, NULL),
(94, 23, 'Pradana Ghazy Alvarendra', 'L', '2017-02-25', 'Go Swim', NULL, NULL, NULL),
(95, 23, 'Kataleya Deswanti Siswoyo', 'P', '2017-12-06', 'Go Swim', NULL, NULL, NULL),
(96, 23, 'Faiza Ayu Humaira', 'P', '2018-03-15', 'Go Swim', NULL, NULL, NULL),
(97, 23, 'Maudy Hayunda Choirunnisa', 'P', '2018-07-08', 'Go Swim', NULL, NULL, NULL),
(98, 23, 'Yumna Assyifa Afsheen', 'P', '2018-07-28', 'Go Swim', NULL, NULL, NULL),
(99, 23, 'Raffasya Azka Adinata', 'L', '2019-05-04', 'Go Swim', NULL, NULL, NULL),
(100, 25, 'KHAYLA SHAKIRA AZZALEA PUTRI', 'P', '2015-01-10', 'MIN 3 PACITAN', NULL, NULL, NULL),
(101, 25, 'YUDHISTIRA NOVA P', 'L', '2014-11-27', 'MIN 3 PACITAN', NULL, NULL, NULL),
(102, 25, 'PANDU ALFARID SETYAWAN', 'L', '2014-07-12', 'MIN 3 PACITAN', NULL, NULL, NULL),
(103, 25, 'NAJWA KHAIRUNNISA', 'P', '2017-02-04', 'MIN 3 PACITAN', NULL, NULL, NULL),
(104, 25, 'NEVIN ORION AZURA', 'L', '2018-09-21', 'MIN 3 PACITAN', NULL, NULL, NULL),
(105, 25, 'ALYA ABQORIAH', 'P', '2016-02-12', 'MIN 3 PACITAN', NULL, NULL, NULL),
(106, 26, 'Yovan Ardian Sahputra', 'L', '2012-03-17', 'MTS Dinul Islam', NULL, NULL, NULL),
(107, 26, 'Ilham Prasetya', 'L', '2012-07-10', 'MTS Dinul Islam', NULL, NULL, NULL),
(108, 27, 'SAFA AZZANIYAR KIYANDRA', 'P', '2014-04-05', 'MIPK INSAN MADANI PAKISBARU', NULL, NULL, NULL),
(109, 13, 'Ahsan Elfaiz', 'L', '2017-05-02', 'SD ALAM PACITAN', NULL, NULL, NULL),
(110, 28, 'Albima Arga Aprilio', 'L', '2014-04-23', 'SDN 1 Katipugal', NULL, NULL, NULL),
(111, 29, 'Zahra Amira Rahmania Yulianto', 'P', '2017-10-07', 'SDN 1 GUNUNGSARI', NULL, NULL, NULL),
(112, 30, 'Azka Hamizan Arrasyid', 'L', '2016-01-01', 'MI AL HUDA PLOSO', NULL, NULL, NULL),
(113, 7, 'VININA KHAIRA YUMNA', 'P', '2012-11-16', 'Jaten SC', NULL, NULL, NULL),
(114, 7, 'FERDINAND ALVARO CHATAN SAVANNA', 'L', '2012-01-20', 'Jaten SC', NULL, NULL, NULL),
(115, 7, 'VIOLA RACHMANIA KASYAFANI', 'P', '2015-10-21', 'Jaten SC', NULL, NULL, NULL),
(116, 7, 'JACINDA ALISHA MAHARANI', 'P', '2015-07-28', 'Jaten SC', NULL, NULL, NULL),
(117, 31, 'Garneta Alfaiza', 'P', '2012-04-11', 'Mts N 1 Pacitan', NULL, NULL, NULL),
(118, 32, 'Manike Putri Athaya Rahmadani', 'P', '2016-06-18', 'SD Negeri Sidoharjo Pacitan', NULL, NULL, NULL),
(119, 33, 'ALYA NADEAN FIRMANANTA', 'P', '2014-12-15', 'SD INTEGRAL HAJAR ASWAD', NULL, NULL, NULL),
(120, 34, 'FARREL NAUFAL SUSANTO', 'L', '2014-03-03', 'SD NEGERI MENADI', NULL, NULL, NULL),
(121, 22, 'ABID AQILA PRANAJA', 'L', '2012-01-17', 'SMPIT Ar Rahma Pacitan', NULL, NULL, NULL),
(122, 35, 'MUHAMMAD AIHAM PUTRA YUDHA', 'L', '2012-02-22', 'SMPN 4 PACITAN', NULL, NULL, NULL),
(123, 24, 'ALVARO RASENDRIYA WICAKSONO', 'L', '2012-03-20', 'SMP NEGERI 1 PACITAN', NULL, NULL, NULL),
(124, 24, 'GADING SATRIA PERMANA', 'L', '2013-03-13', 'SMP NEGERI 1 PACITAN', NULL, NULL, NULL),
(125, 36, 'FABIAN APTANO', 'L', '2013-05-03', 'SDN PACITAN', NULL, NULL, NULL),
(126, 36, 'ELFRIDA ALMIRA TISHA', 'P', '2017-11-21', 'SDN PACITAN', NULL, NULL, NULL),
(127, 30, 'FACHRY ALVIANO DWIJAYA', 'L', '2013-08-18', 'MI AL HUDA PLOSO', NULL, NULL, NULL),
(128, 30, 'NAUFAL GAYUH PRADIPTA', 'L', '2014-03-04', 'MI AL HUDA PLOSO', NULL, NULL, NULL),
(129, 34, 'VECTORIELLO RAFAJELANI SAMPURNO', 'L', '2013-12-10', 'SD NEGERI MENADI', NULL, NULL, NULL),
(130, 37, 'HAFIDZ ALVITO GHAZALI', 'L', '2014-01-31', 'SDIT AR RAHMAH', NULL, NULL, NULL),
(131, 37, 'CARISSA AQILLA PUTRI BASTIAN', 'P', '2016-01-18', 'SDIT AR RAHMAH', NULL, NULL, NULL),
(132, 37, 'ARSYILA ADNA ROMANSAH', 'P', '2018-09-18', 'SDIT AR RAHMAH', NULL, NULL, NULL),
(133, 38, 'TRISTAN AURELIO KHALFANI', 'L', '2015-05-16', 'SDN Bangunsari', NULL, NULL, NULL),
(134, 38, 'DZAKY AURELIO KHALFANI', 'L', '2015-05-16', 'SDN Bangunsari', NULL, NULL, NULL),
(135, 33, 'ARSHAKA ATHALLAH RAMADHAN', 'L', '2015-06-07', 'SD INTEGRAL HAJAR ASWAD', NULL, NULL, NULL),
(136, 14, 'GLERADO ATYA SABANA', 'L', '2015-06-15', 'SDIIC PACITAN', NULL, NULL, NULL),
(137, 14, 'GEFANDA DITYA RANOMI', 'P', '2014-06-08', 'SDIIC PACITAN', NULL, NULL, NULL),
(138, 39, 'NAUFAL DANIS FIDELYO', 'L', '2015-06-27', 'SDN BALEHARJO', NULL, NULL, NULL),
(139, 40, 'PANDU KHIAR PRADANA', 'L', '2016-03-25', 'SDN Ploso Pacitan', NULL, NULL, NULL),
(140, 40, 'ASHALINA MECCANISMARA FARZANA', 'P', '2017-10-13', 'SDN Ploso Pacitan', NULL, NULL, NULL),
(141, 39, 'HAIDAR DAYUZADA PRABANDARU', 'L', '2017-04-09', 'SDN BALEHARJO', NULL, NULL, NULL),
(142, 39, 'PIXELLENA FARSYAKALANI SAMPURNO', 'P', '2018-05-19', 'SDN BALEHARJO', NULL, NULL, NULL),
(143, 41, 'ADARA FRADELLA ULANI', 'P', '2015-02-09', 'SDN Jatimalang', NULL, NULL, NULL),
(145, 42, 'KEISHA AHSANUL MAJIDAH', 'P', '2015-05-22', 'MI GUPPI JATIMALANG', NULL, NULL, NULL),
(146, 36, 'Raffasya  Arvi Alfarizi', 'L', '2018-04-24', 'SDN PACITAN', NULL, NULL, NULL),
(147, 14, 'Aska Mustika Pranaja', 'L', '2015-08-04', 'SDIIC PACITAN', NULL, NULL, NULL),
(148, 37, 'Cintahyang Mahatmarum', 'P', '2015-02-23', 'SDIT AR RAHMAH', NULL, NULL, NULL),
(149, 43, 'Keanu Abimana', 'L', '2020-01-18', 'RA Guppy Sidoharjo', NULL, NULL, NULL);

-- --------------------------------------------------------

--
-- Table structure for table `sessions`
--

CREATE TABLE `sessions` (
  `id` varchar(255) CHARACTER SET utf8mb4 COLLATE utf8mb4_unicode_ci NOT NULL,
  `user_id` bigint UNSIGNED DEFAULT NULL,
  `ip_address` varchar(45) CHARACTER SET utf8mb4 COLLATE utf8mb4_unicode_ci DEFAULT NULL,
  `user_agent` text CHARACTER SET utf8mb4 COLLATE utf8mb4_unicode_ci,
  `payload` longtext CHARACTER SET utf8mb4 COLLATE utf8mb4_unicode_ci NOT NULL,
  `last_activity` int NOT NULL
) ENGINE=InnoDB DEFAULT CHARSET=utf8mb4 COLLATE=utf8mb4_unicode_ci;

--
-- Dumping data for table `sessions`
--

INSERT INTO `sessions` (`id`, `user_id`, `ip_address`, `user_agent`, `payload`, `last_activity`) VALUES
('XXR1glOvcj5QA6Muk98LSRRFm7mnRrQ4sPb9npli', 1, '127.0.0.1', 'Mozilla/5.0 (Windows NT 10.0; Win64; x64; rv:144.0) Gecko/20100101 Firefox/144.0', 'YTo1OntzOjY6Il90b2tlbiI7czo0MDoiUEZFaGliTUlFSFVCc2I2WWpHMFZieFNYd0hGRHJSUFpqTVVmMDhoOSI7czozOiJ1cmwiO2E6MDp7fXM6OToiX3ByZXZpb3VzIjthOjE6e3M6MzoidXJsIjtzOjQ2OiJodHRwOi8vMTI3LjAuMC4xOjgwMDAvZXhwb3J0L2hhc2lsLWtvbXBldGlzaS8zIjt9czo2OiJfZmxhc2giO2E6Mjp7czozOiJvbGQiO2E6MDp7fXM6MzoibmV3IjthOjA6e319czo1MDoibG9naW5fd2ViXzU5YmEzNmFkZGMyYjJmOTQwMTU4MGYwMTRjN2Y1OGVhNGUzMDk4OWQiO2k6MTt9', 1762004248);

-- --------------------------------------------------------

--
-- Table structure for table `users`
--

CREATE TABLE `users` (
  `id` bigint UNSIGNED NOT NULL,
  `name` varchar(255) CHARACTER SET utf8mb4 COLLATE utf8mb4_unicode_ci NOT NULL,
  `email` varchar(255) CHARACTER SET utf8mb4 COLLATE utf8mb4_unicode_ci NOT NULL,
  `email_verified_at` timestamp NULL DEFAULT NULL,
  `password` varchar(255) CHARACTER SET utf8mb4 COLLATE utf8mb4_unicode_ci NOT NULL,
  `remember_token` varchar(100) CHARACTER SET utf8mb4 COLLATE utf8mb4_unicode_ci DEFAULT NULL,
  `created_at` timestamp NULL DEFAULT NULL,
  `updated_at` timestamp NULL DEFAULT NULL,
  `role` varchar(255) CHARACTER SET utf8mb4 COLLATE utf8mb4_unicode_ci NOT NULL DEFAULT 'klub',
  `klub_id` bigint UNSIGNED DEFAULT NULL
) ENGINE=InnoDB DEFAULT CHARSET=utf8mb4 COLLATE=utf8mb4_unicode_ci;

--
-- Dumping data for table `users`
--

INSERT INTO `users` (`id`, `name`, `email`, `email_verified_at`, `password`, `remember_token`, `created_at`, `updated_at`, `role`, `klub_id`) VALUES
(1, 'Admin', 'admin@swimtour.com', NULL, '$2y$12$ePn/PFwHWsJivqg3mAn69uE2GVWpMZI0mTBNWFkXpLyfG31Evv1Me', NULL, '2025-09-27 02:25:11', '2025-09-27 02:25:11', 'admin', NULL),
(2, 'umberan', 'umberan@gmail.com', NULL, '$2y$12$7.BvgUYOmZCAOX/nveBbneBD9YvDxXZyUmv7VwsVawTWNPqP.HklS', NULL, '2025-09-27 03:16:34', '2025-09-27 03:16:34', 'klub', 1),
(3, 'AMJ AQUATIC MADIUN', 'amjaquaticmadiun@gmail.com', NULL, '$2y$12$nxduzXcktRJBi71Ukx3fienEjSvcaFhjWNsoTiqaT8ak6PAumIy2.', NULL, '2025-10-23 19:14:08', '2025-10-23 19:14:08', 'klub', 2),
(4, 'SD Negeri 2 Baleharjo', 'sdnbaleharjo2@gmail.com', NULL, '$2y$12$V9uO.GdeKUGIIXe7xiTp7.WW4xdjuQTcCs86bMNQXQZVtvRYRAce.', NULL, '2025-10-23 19:36:18', '2025-10-23 19:36:18', 'klub', 3),
(5, 'SDN Watukarung', 'sdwatukarung@gmail.com', NULL, '$2y$12$eXUwhdi/wV3F3dKEZyTrxO3NvZFSFx4In4bH013nrqSEl3Q36JBAq', NULL, '2025-10-24 05:24:10', '2025-10-24 05:24:10', 'klub', 4),
(6, 'MMA', 'mma@gmail.com', NULL, '$2y$12$x74m6TUOIV7aUc5ZbkAAze1WxiUPyL7jKHiYDK1TBoq6Eyvk1PPqK', NULL, '2025-10-24 06:10:51', '2025-10-24 06:10:51', 'klub', 5),
(7, 'JAGUAR AKUATIK', 'jaguarakuatik@gmail.com', NULL, '$2y$12$GiIm1.f98hgytZClQtFsu.DKBYqj4ucTqAOg2YunT268sQ0U8dVMm', NULL, '2025-10-24 23:26:01', '2025-10-24 23:26:01', 'klub', 6),
(8, 'Jaten SC', 'jatensc@gmail.com', NULL, '$2y$12$IPupUrvQGbVzQFV5bCfwQe5Tf6IhYDz3iS2Q0FhwMywHDn.L6PRg.', NULL, '2025-10-25 00:49:43', '2025-10-25 00:49:43', 'klub', 7),
(9, 'SD NEGERI 3 JERUK', 'sdn3jeruk@gmail.com', NULL, '$2y$12$KmeWWjKWwLWqUqppPm1zo.IUPDCsPoDFPHLFUONf8gHCg/Qg5DWN6', NULL, '2025-10-25 15:31:53', '2025-10-25 15:31:53', 'klub', 8),
(10, 'SD NEGERI 4 JERUK', 'sdnjeruk4@gmail.com', NULL, '$2y$12$kO6uFT/R.ifaTxKiFiZH6OkV4sJMrOvZXGEo7UQzw6h2XtLW3Lw0i', NULL, '2025-10-25 22:23:47', '2025-10-25 22:23:47', 'klub', 9),
(11, 'SDN 1 Nawangan', 'sdn1nawangan@gmail.com', NULL, '$2y$12$3MqBy8Kub3z83CPAU7KUauqmPYgGPY0Nyhl1I5f0QfciEEF/rjB/q', NULL, '2025-10-25 22:37:47', '2025-10-25 22:37:47', 'klub', 10),
(12, 'SD IT AL BANNA', 'sditalbana@gmail.com', NULL, '$2y$12$6pZi/u.fMrfVaxxmeeLNi.cof.VAkqLhi3nNRj9N6b5MLHEmgPmae', NULL, '2025-10-25 22:55:43', '2025-10-25 22:55:43', 'klub', 11),
(13, 'SMPN 1 Nawangan', 'smpn1nawangan@gmail.com', NULL, '$2y$12$ntm9auLzfkj4tBtXlJFdJeUIGEOlSTv14vyb7jZUPDwwCKCK9H6rC', NULL, '2025-10-25 23:22:01', '2025-10-25 23:22:01', 'klub', 12),
(14, 'SD ALAM PACITAN', 'sdalam@gmail.com', NULL, '$2y$12$cDgGhpSZkW59Q.nD72ATt.4b/vWX0.kUtfNcLYYGmU20fd23d9ySy', NULL, '2025-10-25 23:46:56', '2025-10-25 23:46:56', 'klub', 13),
(15, 'SDIIC PACITAN', 'sdiic@gmail.com', NULL, '$2y$12$auGebYg6V4bGxjtgwxtMD.FdnC3FNwGtKsZ6YMvBKbwpMrGt/dTOa', NULL, '2025-10-26 00:13:13', '2025-10-26 00:13:13', 'klub', 14),
(16, 'SDIT ALWAKIL', 'sditalwakil@gmail.com', NULL, '$2y$12$fUGe/trh1NoN.vCJUYQKTeXJkH7FHBE4dTIB.r5p67/0TPPTUD4UW', NULL, '2025-10-26 00:49:14', '2025-10-26 00:49:14', 'klub', 15),
(17, 'MIM BALEHARJO', 'mimbaleharjo@gmail.com', NULL, '$2y$12$cKDZNyF2bFTjlvP.C3JOA.VWA28duv.mikuJhW8jCkp4Nr1axTdd2', NULL, '2025-10-26 01:02:20', '2025-10-26 01:02:20', 'klub', 16),
(18, 'JHENO SC', 'jhenosc@gmail.com', NULL, '$2y$12$flW8JPUhvD/UzESk9GoPV.hs4nxSQwrNEoeh2dd8lguH5c6ZJhVZK', NULL, '2025-10-26 01:11:45', '2025-10-26 01:11:45', 'klub', 17),
(19, 'PUSPITA SC', 'puspitasc@gmail.com', NULL, '$2y$12$4bRixTbrPpsx1AgOaojcueUGhQMfnuAXU3V.6.2gzJr4rsjY.oGKe', NULL, '2025-10-26 06:25:10', '2025-10-26 06:25:10', 'klub', 18),
(20, 'SDN 2 NGROMO NAWANGAN', 'sdn2ngromo@gmail.com', NULL, '$2y$12$.O5QdAowwxQloSjFIXlQguOzFtlBYxRg8uZOwxASWqwWU5BIwxEUG', NULL, '2025-10-26 06:30:21', '2025-10-26 06:30:21', 'klub', 19),
(21, 'SMPN 1 KEBONAGUNG', 'smpn1kebonagung@gmail.com', NULL, '$2y$12$arSCKMVM7eUaFpr5Rn0p7ODBbXwio/xMbe..eFNVaJlOvi8P/0JAu', NULL, '2025-10-26 06:48:05', '2025-10-26 06:48:05', 'klub', 20),
(22, 'SMPN 1 Ngadirojo', 'smpn1ngadirojo@gmail.com', NULL, '$2y$12$O1xNNPf1r1kys8Of9hAu0OEFDn.6caL6jXIwVPAo5vvP9Gze6LuSq', NULL, '2025-10-26 07:10:09', '2025-10-26 07:10:09', 'klub', 21),
(23, 'SMPIT Ar Rahma Pacitan', 'smpitarrahman@gmail.com', NULL, '$2y$12$GZeZgDB6rVP5dXb7LLG84.ylLSilHA0R5bOvcxoNCaSuXRX.2d1g2', NULL, '2025-10-27 02:08:46', '2025-10-27 02:08:46', 'klub', 22),
(24, 'Go Swim', 'goswim@gmail.com', NULL, '$2y$12$xFQCVzd7wqrvmOpgVoSfXeNuFgYiB0wNiJQWbRfDhVN85xKvrAUki', NULL, '2025-10-27 02:14:43', '2025-10-27 02:14:43', 'klub', 23),
(25, 'SMP NEGERI 1 PACITAN', 'smpn1pacitan@gmail.com', NULL, '$2y$12$oBoAb./0lpR7a2U4L3abV.lFsrPgNl0L9kIcq/NfIj8HmixUVnPl.', NULL, '2025-10-27 02:17:37', '2025-10-27 02:17:37', 'klub', 24),
(26, 'MIN 3 PACITAN', 'min3pacitan@gmail.com', NULL, '$2y$12$FN7sJdM.lL4GrT99dztiouoia.qqskYV./Xubyik.ihz1f5uygmGy', NULL, '2025-10-27 02:30:39', '2025-10-27 02:30:39', 'klub', 25),
(27, 'MTS Dinul Islam', 'mtsdinulislam@gmail.com', NULL, '$2y$12$62Y2mdzLQRxplXgPh8ZTAOqVKZc2F6qz6ajq05ufkTfcHcY5zfJfi', NULL, '2025-10-27 02:55:48', '2025-10-27 02:55:48', 'klub', 26),
(28, 'MIPK INSAN MADANI PAKISBARU', 'mipkinsanmadanipakisbaru@gmail.com', NULL, '$2y$12$EANVzSazhBfOtJM2kI4fneNYU/R22.eWrylATC34svw8EUDnemkGu', NULL, '2025-10-27 03:05:17', '2025-10-27 03:05:17', 'klub', 27),
(29, 'SDN 1 Katipugal', 'sdn1katipugal@gmail.com', NULL, '$2y$12$CujYCFazUgGKDZEeFNHn8u6owARrEy1VEEUFWAjf0WS8gYwuzZjNK', NULL, '2025-10-27 03:21:41', '2025-10-27 03:21:41', 'klub', 28),
(30, 'SDN 1 GUNUNGSARI', 'sdn1gunungsari@gmail.com', NULL, '$2y$12$m21DslM/7zaRCd3nX5BF3eYXWl/OCVBIqeZZyhD7EU51Xsrwd6uuK', NULL, '2025-10-27 03:33:46', '2025-10-27 03:33:46', 'klub', 29),
(31, 'MI AL HUDA PLOSO', 'mialhudaploso@gmail.com', NULL, '$2y$12$N8KpFn3/64LBVbrp9.xFreTt/h..Ndc0s7YmawdBUvyuipE384xf.', NULL, '2025-10-27 13:55:14', '2025-10-27 13:55:14', 'klub', 30),
(32, 'Mts N 1 Pacitan', 'mtsn1pacitan@gmail.com', NULL, '$2y$12$jqspSvHmVFiuR6XRMnfawuIANckMUhCdSJ3p5JSsA0cGtG.R5ZtOq', NULL, '2025-10-27 15:14:24', '2025-10-27 15:14:24', 'klub', 31),
(33, 'SD Negeri Sidoharjo Pacitan', 'sdnsidoharjo@gmail.com', NULL, '$2y$12$IPaqd0E7Mq67vblPGpMS1eqtOzhzj4QE6Ws.xd5UaSJWpLzME/SH2', NULL, '2025-10-27 16:29:12', '2025-10-27 16:29:12', 'klub', 32),
(34, 'SD INTEGRAL HAJAR ASWAD', 'sdintegralhajaraswad@gmail.com', NULL, '$2y$12$ZD5UeAGgtWqFtz8tDizNBeyAPIJ6YGz7CrMVGE5Ny1IzKPoCYTx.C', NULL, '2025-10-27 20:13:57', '2025-10-27 20:13:57', 'klub', 33),
(35, 'SD NEGERI MENADI', 'sdnmenadi@gmail.com', NULL, '$2y$12$36J/kU9LRNE1bUp0nPm2zOhQ6WpY13ROEfIolV5Hgefw9gvSMZee.', NULL, '2025-10-27 20:21:07', '2025-10-27 20:21:07', 'klub', 34),
(36, 'SMPN 4 PACITAN', 'smpn4pacitan@gmail.com', NULL, '$2y$12$o4FhZ.iAyEExS46X/EtkceerWuPSP3ubTjlWrylMvJOU0D2BJ4tCS', NULL, '2025-10-27 21:38:07', '2025-10-27 21:38:07', 'klub', 35),
(37, 'SDN PACITAN', 'sdnpacitan@gmail.com', NULL, '$2y$12$HRAqqo4uzxsp2MUBxHWwlODUCrp06vcaRSC0Z1GIjyx5Ji1bXOxjq', NULL, '2025-10-27 22:22:59', '2025-10-27 22:22:59', 'klub', 36),
(38, 'SDIT AR RAHMAH', 'sditarrahman@gmail.com', NULL, '$2y$12$wsq9H/scGfkCvAMyRrVuT.sEdxACEElGO67cIkBFjYcPBc9VDMzaG', NULL, '2025-10-28 00:27:38', '2025-10-28 00:27:38', 'klub', 37),
(39, 'SDN Bangunsari', 'sdnbangunsari@gmail.com', NULL, '$2y$12$omKhQs44yeI/OChWPiIfe..GBzKQ87VW2nPHwp89uSknyppVv8w/O', NULL, '2025-10-28 00:53:06', '2025-10-28 00:53:06', 'klub', 38),
(40, 'SDN BALEHARJO', 'sdnbaleharjo1@gmail.com', NULL, '$2y$12$496lt13b7907B5OwQy1lYO87c8kdxp9WPmgmlhAbso2b9ElzVM/Iu', NULL, '2025-10-28 01:52:53', '2025-10-28 01:52:53', 'klub', 39),
(41, 'SDN Ploso Pacitan', 'sdnploso@gmail.com', NULL, '$2y$12$14UcJeQ0TqgrsxGa8TRwZ.q42wjclGdthjqyg1ijfQRA0riIs0N8K', NULL, '2025-10-28 02:23:36', '2025-10-28 02:23:36', 'klub', 40),
(42, 'SDN Jatimalang', 'sdnjatimalang@gmail.com', NULL, '$2y$12$bXdOKd8ropCCth4PUpziZ.eKUAZ0I6w9dUm3Kt0vmUxmHPhTOdKF6', NULL, '2025-10-28 02:38:53', '2025-10-28 02:38:53', 'klub', 41),
(43, 'MI GUPPI JATIMALANG', 'miguppijatimalang@gmail.com', NULL, '$2y$12$1geBe5UojxkSL6BoEFQswOuOg2pJGgZ97cTZVl9HsQWOB80SBZYhy', NULL, '2025-10-28 02:58:11', '2025-10-28 02:58:11', 'klub', 42),
(44, 'RA Guppy Sidoharjo', 'raguppysidoharjo@gmail.com', NULL, '$2y$12$QOfQdzDQEa3uTgTD6dHsFujYOJXkEjKQ3M926FYPbQtQi7ZrL0rTW', NULL, '2025-10-29 16:15:51', '2025-10-29 16:15:51', 'klub', 43);

-- --------------------------------------------------------

--
-- Table structure for table `wasit`
--

CREATE TABLE `wasit` (
  `id` bigint UNSIGNED NOT NULL,
  `nama` varchar(255) CHARACTER SET utf8mb4 COLLATE utf8mb4_unicode_ci NOT NULL,
  `lomba_id` bigint UNSIGNED NOT NULL,
  `created_at` timestamp NULL DEFAULT NULL,
  `updated_at` timestamp NULL DEFAULT NULL
) ENGINE=InnoDB DEFAULT CHARSET=utf8mb4 COLLATE=utf8mb4_unicode_ci;

--
-- Indexes for dumped tables
--

--
-- Indexes for table `cache`
--
ALTER TABLE `cache`
  ADD PRIMARY KEY (`key`);

--
-- Indexes for table `cache_locks`
--
ALTER TABLE `cache_locks`
  ADD PRIMARY KEY (`key`);

--
-- Indexes for table `detail_lomba`
--
ALTER TABLE `detail_lomba`
  ADD PRIMARY KEY (`id`),
  ADD KEY `detail_lomba_lomba_id_foreign` (`lomba_id`),
  ADD KEY `detail_lomba_peserta_id_foreign` (`peserta_id`);

--
-- Indexes for table `failed_jobs`
--
ALTER TABLE `failed_jobs`
  ADD PRIMARY KEY (`id`),
  ADD UNIQUE KEY `failed_jobs_uuid_unique` (`uuid`);

--
-- Indexes for table `jobs`
--
ALTER TABLE `jobs`
  ADD PRIMARY KEY (`id`),
  ADD KEY `jobs_queue_index` (`queue`);

--
-- Indexes for table `job_batches`
--
ALTER TABLE `job_batches`
  ADD PRIMARY KEY (`id`);

--
-- Indexes for table `klub`
--
ALTER TABLE `klub`
  ADD PRIMARY KEY (`id`);

--
-- Indexes for table `kompetisi`
--
ALTER TABLE `kompetisi`
  ADD PRIMARY KEY (`id`);

--
-- Indexes for table `lomba`
--
ALTER TABLE `lomba`
  ADD PRIMARY KEY (`id`),
  ADD KEY `lomba_kompetisi_id_foreign` (`kompetisi_id`);

--
-- Indexes for table `migrations`
--
ALTER TABLE `migrations`
  ADD PRIMARY KEY (`id`);

--
-- Indexes for table `password_reset_tokens`
--
ALTER TABLE `password_reset_tokens`
  ADD PRIMARY KEY (`email`);

--
-- Indexes for table `peserta`
--
ALTER TABLE `peserta`
  ADD PRIMARY KEY (`id`),
  ADD KEY `peserta_lomba_id_foreign` (`lomba_id`),
  ADD KEY `peserta_klub_id_foreign` (`klub_id`);

--
-- Indexes for table `sessions`
--
ALTER TABLE `sessions`
  ADD PRIMARY KEY (`id`),
  ADD KEY `sessions_user_id_index` (`user_id`),
  ADD KEY `sessions_last_activity_index` (`last_activity`);

--
-- Indexes for table `users`
--
ALTER TABLE `users`
  ADD PRIMARY KEY (`id`),
  ADD UNIQUE KEY `users_email_unique` (`email`),
  ADD KEY `users_klub_id_foreign` (`klub_id`);

--
-- Indexes for table `wasit`
--
ALTER TABLE `wasit`
  ADD PRIMARY KEY (`id`),
  ADD KEY `wasit_lomba_id_foreign` (`lomba_id`);

--
-- AUTO_INCREMENT for dumped tables
--

--
-- AUTO_INCREMENT for table `detail_lomba`
--
ALTER TABLE `detail_lomba`
  MODIFY `id` bigint UNSIGNED NOT NULL AUTO_INCREMENT, AUTO_INCREMENT=717;

--
-- AUTO_INCREMENT for table `failed_jobs`
--
ALTER TABLE `failed_jobs`
  MODIFY `id` bigint UNSIGNED NOT NULL AUTO_INCREMENT;

--
-- AUTO_INCREMENT for table `jobs`
--
ALTER TABLE `jobs`
  MODIFY `id` bigint UNSIGNED NOT NULL AUTO_INCREMENT;

--
-- AUTO_INCREMENT for table `klub`
--
ALTER TABLE `klub`
  MODIFY `id` bigint UNSIGNED NOT NULL AUTO_INCREMENT, AUTO_INCREMENT=44;

--
-- AUTO_INCREMENT for table `kompetisi`
--
ALTER TABLE `kompetisi`
  MODIFY `id` bigint UNSIGNED NOT NULL AUTO_INCREMENT, AUTO_INCREMENT=4;

--
-- AUTO_INCREMENT for table `lomba`
--
ALTER TABLE `lomba`
  MODIFY `id` bigint UNSIGNED NOT NULL AUTO_INCREMENT, AUTO_INCREMENT=1130;

--
-- AUTO_INCREMENT for table `migrations`
--
ALTER TABLE `migrations`
  MODIFY `id` int UNSIGNED NOT NULL AUTO_INCREMENT, AUTO_INCREMENT=13;

--
-- AUTO_INCREMENT for table `peserta`
--
ALTER TABLE `peserta`
  MODIFY `id` bigint UNSIGNED NOT NULL AUTO_INCREMENT, AUTO_INCREMENT=151;

--
-- AUTO_INCREMENT for table `users`
--
ALTER TABLE `users`
  MODIFY `id` bigint UNSIGNED NOT NULL AUTO_INCREMENT, AUTO_INCREMENT=45;

--
-- AUTO_INCREMENT for table `wasit`
--
ALTER TABLE `wasit`
  MODIFY `id` bigint UNSIGNED NOT NULL AUTO_INCREMENT;

--
-- Constraints for dumped tables
--

--
-- Constraints for table `detail_lomba`
--
ALTER TABLE `detail_lomba`
  ADD CONSTRAINT `detail_lomba_lomba_id_foreign` FOREIGN KEY (`lomba_id`) REFERENCES `lomba` (`id`) ON DELETE CASCADE,
  ADD CONSTRAINT `detail_lomba_peserta_id_foreign` FOREIGN KEY (`peserta_id`) REFERENCES `peserta` (`id`) ON DELETE CASCADE;

--
-- Constraints for table `lomba`
--
ALTER TABLE `lomba`
  ADD CONSTRAINT `lomba_kompetisi_id_foreign` FOREIGN KEY (`kompetisi_id`) REFERENCES `kompetisi` (`id`) ON DELETE CASCADE;

--
-- Constraints for table `peserta`
--
ALTER TABLE `peserta`
  ADD CONSTRAINT `peserta_klub_id_foreign` FOREIGN KEY (`klub_id`) REFERENCES `klub` (`id`) ON DELETE CASCADE,
  ADD CONSTRAINT `peserta_lomba_id_foreign` FOREIGN KEY (`lomba_id`) REFERENCES `lomba` (`id`) ON DELETE CASCADE;

--
-- Constraints for table `users`
--
ALTER TABLE `users`
  ADD CONSTRAINT `users_klub_id_foreign` FOREIGN KEY (`klub_id`) REFERENCES `klub` (`id`) ON DELETE CASCADE;

--
-- Constraints for table `wasit`
--
ALTER TABLE `wasit`
  ADD CONSTRAINT `wasit_lomba_id_foreign` FOREIGN KEY (`lomba_id`) REFERENCES `lomba` (`id`) ON DELETE CASCADE;
COMMIT;

/*!40101 SET CHARACTER_SET_CLIENT=@OLD_CHARACTER_SET_CLIENT */;
/*!40101 SET CHARACTER_SET_RESULTS=@OLD_CHARACTER_SET_RESULTS */;
/*!40101 SET COLLATION_CONNECTION=@OLD_COLLATION_CONNECTION */;
